independent_var,dependent_var,test_type,f_statistic,p_value,significant,group_stats,assumptions,post_hoc_info,sample_size
edad_meses_nino,zscore_desarrollo_comunicacion,Welch's ANOVA,36.58499351362101,2.150477017633738e-38,True,"{'0-6 meses': {'n': 263, 'mean': np.float64(0.1452372623574145), 'std': np.float64(0.8113989953152417), 'risk_classification': {'normal': 245, 'riesgo': 18, 'pct_normal': 93.15589353612167, 'pct_riesgo': 6.844106463878327}}, '7-12 meses': {'n': 340, 'mean': np.float64(0.43317735294117643), 'std': np.float64(0.6177469461086803), 'risk_classification': {'normal': 337, 'riesgo': 3, 'pct_normal': 99.11764705882354, 'pct_riesgo': 0.8823529411764706}}, '13-18 meses': {'n': 222, 'mean': np.float64(0.33263783783783785), 'std': np.float64(0.5459450225174632), 'risk_classification': {'normal': 219, 'riesgo': 3, 'pct_normal': 98.64864864864865, 'pct_riesgo': 1.3513513513513513}}, '19-24 meses': {'n': 239, 'mean': np.float64(-0.007649372384937245), 'std': np.float64(0.5741090167366683), 'risk_classification': {'normal': 225, 'riesgo': 14, 'pct_normal': 94.14225941422593, 'pct_riesgo': 5.857740585774058}}, '25-36 meses': {'n': 345, 'mean': np.float64(-0.10359333333333333), 'std': np.float64(0.6113151605413953), 'risk_classification': {'normal': 317, 'riesgo': 28, 'pct_normal': 91.88405797101449, 'pct_riesgo': 8.115942028985506}}, '37-48 meses': {'n': 178, 'mean': np.float64(0.01801797752808989), 'std': np.float64(0.7456163433961124), 'risk_classification': {'normal': 163, 'riesgo': 15, 'pct_normal': 91.57303370786516, 'pct_riesgo': 8.426966292134832}}, '49-60 meses': {'n': 138, 'mean': np.float64(-0.24218840579710144), 'std': np.float64(0.6900528928285784), 'risk_classification': {'normal': 122, 'riesgo': 16, 'pct_normal': 88.40579710144928, 'pct_riesgo': 11.594202898550725}}}","{'normality': False, 'homogeneity': False, 'note': 'OK'}",Grupo más afectado: 49-60 meses,1725
edad_meses_nino,zscore_desarrollo_motricidad_gruesa,Welch's ANOVA,8.234642640911394,1.290021713672879e-08,True,"{'0-6 meses': {'n': 263, 'mean': np.float64(-0.2968133079847909), 'std': np.float64(1.1957142684474358), 'risk_classification': {'normal': 211, 'riesgo': 52, 'pct_normal': 80.22813688212928, 'pct_riesgo': 19.771863117870723}}, '7-12 meses': {'n': 340, 'mean': np.float64(-0.09900794117647059), 'std': np.float64(0.6383659324267424), 'risk_classification': {'normal': 307, 'riesgo': 33, 'pct_normal': 90.29411764705883, 'pct_riesgo': 9.705882352941178}}, '13-18 meses': {'n': 222, 'mean': np.float64(-0.4656671171171172), 'std': np.float64(0.7968113850234342), 'risk_classification': {'normal': 169, 'riesgo': 53, 'pct_normal': 76.12612612612612, 'pct_riesgo': 23.873873873873876}}, '19-24 meses': {'n': 239, 'mean': np.float64(-0.4316707112970711), 'std': np.float64(0.8609334073618451), 'risk_classification': {'normal': 185, 'riesgo': 54, 'pct_normal': 77.40585774058577, 'pct_riesgo': 22.594142259414227}}, '25-36 meses': {'n': 345, 'mean': np.float64(-0.24957826086956522), 'std': np.float64(0.7058149870954814), 'risk_classification': {'normal': 297, 'riesgo': 48, 'pct_normal': 86.08695652173914, 'pct_riesgo': 13.91304347826087}}, '37-48 meses': {'n': 178, 'mean': np.float64(-0.22194438202247194), 'std': np.float64(0.7704417783939379), 'risk_classification': {'normal': 141, 'riesgo': 37, 'pct_normal': 79.21348314606742, 'pct_riesgo': 20.786516853932586}}, '49-60 meses': {'n': 138, 'mean': np.float64(-0.1469963768115942), 'std': np.float64(0.6682259351085831), 'risk_classification': {'normal': 127, 'riesgo': 11, 'pct_normal': 92.02898550724638, 'pct_riesgo': 7.971014492753622}}}","{'normality': False, 'homogeneity': False, 'note': 'OK'}",Grupo más afectado: 13-18 meses,1725
edad_meses_nino,zscore_desarrollo_motricidad_fina,Welch's ANOVA,24.978932587046216,7.813852632213414e-27,True,"{'0-6 meses': {'n': 263, 'mean': np.float64(0.03557756653992396), 'std': np.float64(0.7260921782313263), 'risk_classification': {'normal': 247, 'riesgo': 16, 'pct_normal': 93.91634980988593, 'pct_riesgo': 6.083650190114068}}, '7-12 meses': {'n': 340, 'mean': np.float64(-0.33101323529411764), 'std': np.float64(0.7483117694768568), 'risk_classification': {'normal': 287, 'riesgo': 53, 'pct_normal': 84.41176470588235, 'pct_riesgo': 15.588235294117647}}, '13-18 meses': {'n': 222, 'mean': np.float64(-0.22617207207207207), 'std': np.float64(0.8201312680132753), 'risk_classification': {'normal': 189, 'riesgo': 33, 'pct_normal': 85.13513513513513, 'pct_riesgo': 14.864864864864865}}, '19-24 meses': {'n': 239, 'mean': np.float64(-0.28333389121338914), 'std': np.float64(0.8288262324990037), 'risk_classification': {'normal': 213, 'riesgo': 26, 'pct_normal': 89.1213389121339, 'pct_riesgo': 10.87866108786611}}, '25-36 meses': {'n': 345, 'mean': np.float64(0.16551507246376812), 'std': np.float64(0.5572264684631207), 'risk_classification': {'normal': 334, 'riesgo': 11, 'pct_normal': 96.81159420289856, 'pct_riesgo': 3.1884057971014492}}, '37-48 meses': {'n': 178, 'mean': np.float64(0.10901629213483147), 'std': np.float64(0.561412231710227), 'risk_classification': {'normal': 171, 'riesgo': 7, 'pct_normal': 96.06741573033707, 'pct_riesgo': 3.932584269662921}}, '49-60 meses': {'n': 138, 'mean': np.float64(0.08188405797101447), 'std': np.float64(0.5613463505639293), 'risk_classification': {'normal': 136, 'riesgo': 2, 'pct_normal': 98.55072463768117, 'pct_riesgo': 1.4492753623188406}}}","{'normality': False, 'homogeneity': False, 'note': 'OK'}",Grupo más afectado: 7-12 meses,1725
edad_meses_nino,zscore_desarrollo_resolucion_problemas,ANOVA,4.810799482337503,7.059718159642078e-05,True,"{'0-6 meses': {'n': 263, 'mean': np.float64(-0.06139695817490493), 'std': np.float64(0.7469319102948181), 'risk_classification': {'normal': 244, 'riesgo': 19, 'pct_normal': 92.77566539923954, 'pct_riesgo': 7.224334600760455}}, '7-12 meses': {'n': 340, 'mean': np.float64(-0.04717294117647057), 'std': np.float64(0.6739353108121473), 'risk_classification': {'normal': 308, 'riesgo': 32, 'pct_normal': 90.58823529411765, 'pct_riesgo': 9.411764705882353}}, '13-18 meses': {'n': 222, 'mean': np.float64(0.10800495495495498), 'std': np.float64(0.6895794280736601), 'risk_classification': {'normal': 208, 'riesgo': 14, 'pct_normal': 93.69369369369369, 'pct_riesgo': 6.306306306306306}}, '19-24 meses': {'n': 239, 'mean': np.float64(-0.03045564853556487), 'std': np.float64(0.7132951424267213), 'risk_classification': {'normal': 229, 'riesgo': 10, 'pct_normal': 95.81589958158996, 'pct_riesgo': 4.184100418410042}}, '25-36 meses': {'n': 345, 'mean': np.float64(-0.11636376811594203), 'std': np.float64(0.5913202187938145), 'risk_classification': {'normal': 325, 'riesgo': 20, 'pct_normal': 94.20289855072464, 'pct_riesgo': 5.797101449275362}}, '37-48 meses': {'n': 178, 'mean': np.float64(-0.19903764044943822), 'std': np.float64(0.6595935978600034), 'risk_classification': {'normal': 160, 'riesgo': 18, 'pct_normal': 89.8876404494382, 'pct_riesgo': 10.112359550561797}}, '49-60 meses': {'n': 138, 'mean': np.float64(-0.18846014492753624), 'std': np.float64(0.6853041978438922), 'risk_classification': {'normal': 123, 'riesgo': 15, 'pct_normal': 89.13043478260869, 'pct_riesgo': 10.869565217391305}}}","{'normality': False, 'homogeneity': True, 'note': 'OK'}",Grupo más afectado: 37-48 meses,1725
edad_meses_nino,zscore_desarrollo_socio_individual,Welch's ANOVA,16.28359412950348,1.4540173036493468e-17,True,"{'0-6 meses': {'n': 263, 'mean': np.float64(0.06417984790874524), 'std': np.float64(0.8258363600617116), 'risk_classification': {'normal': 240, 'riesgo': 23, 'pct_normal': 91.25475285171103, 'pct_riesgo': 8.745247148288973}}, '7-12 meses': {'n': 340, 'mean': np.float64(0.19976323529411766), 'std': np.float64(0.695719667823177), 'risk_classification': {'normal': 327, 'riesgo': 13, 'pct_normal': 96.17647058823529, 'pct_riesgo': 3.823529411764706}}, '13-18 meses': {'n': 222, 'mean': np.float64(0.26156351351351353), 'std': np.float64(0.5916167526075304), 'risk_classification': {'normal': 217, 'riesgo': 5, 'pct_normal': 97.74774774774775, 'pct_riesgo': 2.2522522522522523}}, '19-24 meses': {'n': 239, 'mean': np.float64(-0.07847489539748953), 'std': np.float64(0.6951970771585565), 'risk_classification': {'normal': 210, 'riesgo': 29, 'pct_normal': 87.86610878661088, 'pct_riesgo': 12.133891213389122}}, '25-36 meses': {'n': 345, 'mean': np.float64(-0.06886637681159422), 'std': np.float64(0.7204444279400847), 'risk_classification': {'normal': 322, 'riesgo': 23, 'pct_normal': 93.33333333333333, 'pct_riesgo': 6.666666666666667}}, '37-48 meses': {'n': 178, 'mean': np.float64(0.017693258426966292), 'std': np.float64(0.5611402232274799), 'risk_classification': {'normal': 172, 'riesgo': 6, 'pct_normal': 96.62921348314607, 'pct_riesgo': 3.3707865168539324}}, '49-60 meses': {'n': 138, 'mean': np.float64(-0.3310413043478261), 'std': np.float64(0.7476626593746032), 'risk_classification': {'normal': 112, 'riesgo': 26, 'pct_normal': 81.15942028985508, 'pct_riesgo': 18.84057971014493}}}","{'normality': False, 'homogeneity': False, 'note': 'OK'}",Grupo más afectado: 49-60 meses,1725
edad_anos_madre,zscore_desarrollo_comunicacion,ANOVA,0.6656249053620809,0.6158831491974481,False,"{'≤20 años': {'n': 156, 'mean': np.float64(0.1650775641025641), 'std': np.float64(0.6475147652145102), 'risk_classification': {'normal': 147, 'riesgo': 9, 'pct_normal': 94.23076923076923, 'pct_riesgo': 5.769230769230769}}, '21-25 años': {'n': 473, 'mean': np.float64(0.11219957716701905), 'std': np.float64(0.69969853578123), 'risk_classification': {'normal': 446, 'riesgo': 27, 'pct_normal': 94.29175475687104, 'pct_riesgo': 5.708245243128964}}, '26-30 años': {'n': 551, 'mean': np.float64(0.1263005444646098), 'std': np.float64(0.644763654612133), 'risk_classification': {'normal': 530, 'riesgo': 21, 'pct_normal': 96.18874773139746, 'pct_riesgo': 3.8112522686025407}}, '31-35 años': {'n': 363, 'mean': np.float64(0.06968347107438018), 'std': np.float64(0.7522171316891838), 'risk_classification': {'normal': 337, 'riesgo': 26, 'pct_normal': 92.8374655647383, 'pct_riesgo': 7.162534435261708}}, '>35 años': {'n': 171, 'mean': np.float64(0.09195672514619882), 'std': np.float64(0.7021639031877105), 'risk_classification': {'normal': 159, 'riesgo': 12, 'pct_normal': 92.98245614035088, 'pct_riesgo': 7.017543859649122}}}","{'normality': False, 'homogeneity': True, 'note': 'OK'}",,1714
edad_anos_madre,zscore_desarrollo_motricidad_gruesa,ANOVA,0.7664179149632493,0.5470542335187277,False,"{'≤20 años': {'n': 156, 'mean': np.float64(-0.3137621794871795), 'std': np.float64(0.8868167856998931), 'risk_classification': {'normal': 121, 'riesgo': 35, 'pct_normal': 77.56410256410257, 'pct_riesgo': 22.435897435897438}}, '21-25 años': {'n': 473, 'mean': np.float64(-0.30090845665961946), 'std': np.float64(0.8405492980357151), 'risk_classification': {'normal': 390, 'riesgo': 83, 'pct_normal': 82.4524312896406, 'pct_riesgo': 17.547568710359407}}, '26-30 años': {'n': 551, 'mean': np.float64(-0.23146043557168783), 'std': np.float64(0.7307456771837374), 'risk_classification': {'normal': 471, 'riesgo': 80, 'pct_normal': 85.48094373865699, 'pct_riesgo': 14.519056261343014}}, '31-35 años': {'n': 363, 'mean': np.float64(-0.28671652892561983), 'std': np.float64(0.8918108810258457), 'risk_classification': {'normal': 301, 'riesgo': 62, 'pct_normal': 82.92011019283747, 'pct_riesgo': 17.079889807162534}}, '>35 años': {'n': 171, 'mean': np.float64(-0.218025730994152), 'std': np.float64(0.9378954400734082), 'risk_classification': {'normal': 146, 'riesgo': 25, 'pct_normal': 85.38011695906432, 'pct_riesgo': 14.619883040935672}}}","{'normality': False, 'homogeneity': True, 'note': 'OK'}",,1714
edad_anos_madre,zscore_desarrollo_motricidad_fina,ANOVA,1.0612457631476813,0.37421893841325315,False,"{'≤20 años': {'n': 156, 'mean': np.float64(-0.16729294871794873), 'std': np.float64(0.7462752166474622), 'risk_classification': {'normal': 138, 'riesgo': 18, 'pct_normal': 88.46153846153845, 'pct_riesgo': 11.538461538461538}}, '21-25 años': {'n': 473, 'mean': np.float64(-0.09309788583509512), 'std': np.float64(0.7178134185211922), 'risk_classification': {'normal': 428, 'riesgo': 45, 'pct_normal': 90.48625792811839, 'pct_riesgo': 9.513742071881607}}, '26-30 años': {'n': 551, 'mean': np.float64(-0.06849219600725952), 'std': np.float64(0.6798135999287437), 'risk_classification': {'normal': 514, 'riesgo': 37, 'pct_normal': 93.28493647912886, 'pct_riesgo': 6.715063520871143}}, '31-35 años': {'n': 363, 'mean': np.float64(-0.032158953168044076), 'std': np.float64(0.779450348087489), 'risk_classification': {'normal': 328, 'riesgo': 35, 'pct_normal': 90.35812672176309, 'pct_riesgo': 9.641873278236915}}, '>35 años': {'n': 171, 'mean': np.float64(-0.058136257309941514), 'std': np.float64(0.7303945324484676), 'risk_classification': {'normal': 160, 'riesgo': 11, 'pct_normal': 93.56725146198829, 'pct_riesgo': 6.432748538011696}}}","{'normality': False, 'homogeneity': True, 'note': 'OK'}",,1714
edad_anos_madre,zscore_desarrollo_resolucion_problemas,ANOVA,1.8692874764488503,0.11325350285265799,False,"{'≤20 años': {'n': 156, 'mean': np.float64(-0.08564743589743591), 'std': np.float64(0.6481848308134098), 'risk_classification': {'normal': 145, 'riesgo': 11, 'pct_normal': 92.94871794871796, 'pct_riesgo': 7.051282051282051}}, '21-25 años': {'n': 473, 'mean': np.float64(-0.09809027484143763), 'std': np.float64(0.6832198743649477), 'risk_classification': {'normal': 434, 'riesgo': 39, 'pct_normal': 91.75475687103594, 'pct_riesgo': 8.24524312896406}}, '26-30 años': {'n': 551, 'mean': np.float64(-0.049636660617059895), 'std': np.float64(0.6621021933473515), 'risk_classification': {'normal': 516, 'riesgo': 35, 'pct_normal': 93.64791288566244, 'pct_riesgo': 6.352087114337568}}, '31-35 años': {'n': 363, 'mean': np.float64(-0.0019561983471074497), 'std': np.float64(0.7119595059826003), 'risk_classification': {'normal': 338, 'riesgo': 25, 'pct_normal': 93.1129476584022, 'pct_riesgo': 6.887052341597796}}, '>35 años': {'n': 171, 'mean': np.float64(-0.1521017543859649), 'std': np.float64(0.6806432961867492), 'risk_classification': {'normal': 155, 'riesgo': 16, 'pct_normal': 90.64327485380117, 'pct_riesgo': 9.35672514619883}}}","{'normality': False, 'homogeneity': True, 'note': 'OK'}",,1714
edad_anos_madre,zscore_desarrollo_socio_individual,ANOVA,1.770736814321218,0.13210909228047985,False,"{'≤20 años': {'n': 156, 'mean': np.float64(0.03849230769230769), 'std': np.float64(0.7084350711285847), 'risk_classification': {'normal': 145, 'riesgo': 11, 'pct_normal': 92.94871794871796, 'pct_riesgo': 7.051282051282051}}, '21-25 años': {'n': 473, 'mean': np.float64(-0.006467441860465118), 'std': np.float64(0.721446899919754), 'risk_classification': {'normal': 432, 'riesgo': 41, 'pct_normal': 91.33192389006342, 'pct_riesgo': 8.668076109936575}}, '26-30 años': {'n': 551, 'mean': np.float64(0.08207822141560799), 'std': np.float64(0.6957739602886414), 'risk_classification': {'normal': 518, 'riesgo': 33, 'pct_normal': 94.01088929219601, 'pct_riesgo': 5.9891107078039925}}, '31-35 años': {'n': 363, 'mean': np.float64(0.05842341597796142), 'std': np.float64(0.7494321023631075), 'risk_classification': {'normal': 335, 'riesgo': 28, 'pct_normal': 92.28650137741047, 'pct_riesgo': 7.7134986225895315}}, '>35 años': {'n': 171, 'mean': np.float64(-0.056294736842105245), 'std': np.float64(0.7286804326002512), 'risk_classification': {'normal': 161, 'riesgo': 10, 'pct_normal': 94.15204678362574, 'pct_riesgo': 5.847953216374268}}}","{'normality': False, 'homogeneity': True, 'note': 'OK'}",,1714
edad_anos_padre,zscore_desarrollo_comunicacion,ANOVA,0.3710715309260563,0.8293808365801043,False,"{'≤25 años': {'n': 422, 'mean': np.float64(0.10310355450236967), 'std': np.float64(0.6872792568350194), 'risk_classification': {'normal': 396, 'riesgo': 26, 'pct_normal': 93.8388625592417, 'pct_riesgo': 6.161137440758294}}, '26-30 años': {'n': 473, 'mean': np.float64(0.09024291754756872), 'std': np.float64(0.6760991339574989), 'risk_classification': {'normal': 447, 'riesgo': 26, 'pct_normal': 94.5031712473573, 'pct_riesgo': 5.496828752642706}}, '31-35 años': {'n': 417, 'mean': np.float64(0.1194971223021583), 'std': np.float64(0.7102428355318984), 'risk_classification': {'normal': 396, 'riesgo': 21, 'pct_normal': 94.96402877697841, 'pct_riesgo': 5.0359712230215825}}, '36-40 años': {'n': 251, 'mean': np.float64(0.1407199203187251), 'std': np.float64(0.6496355203970867), 'risk_classification': {'normal': 242, 'riesgo': 9, 'pct_normal': 96.41434262948208, 'pct_riesgo': 3.5856573705179287}}, '>40 años': {'n': 111, 'mean': np.float64(0.0639117117117117), 'std': np.float64(0.6884882072983253), 'risk_classification': {'normal': 103, 'riesgo': 8, 'pct_normal': 92.7927927927928, 'pct_riesgo': 7.207207207207207}}}","{'normality': False, 'homogeneity': True, 'note': 'OK'}",,1674
edad_anos_padre,zscore_desarrollo_motricidad_gruesa,ANOVA,1.224973770139082,0.29817338350719164,False,"{'≤25 años': {'n': 422, 'mean': np.float64(-0.2982594786729858), 'std': np.float64(0.7817567199034601), 'risk_classification': {'normal': 346, 'riesgo': 76, 'pct_normal': 81.99052132701422, 'pct_riesgo': 18.009478672985782}}, '26-30 años': {'n': 473, 'mean': np.float64(-0.2018338266384778), 'std': np.float64(0.8115128669191686), 'risk_classification': {'normal': 405, 'riesgo': 68, 'pct_normal': 85.62367864693447, 'pct_riesgo': 14.376321353065538}}, '31-35 años': {'n': 417, 'mean': np.float64(-0.3056107913669065), 'std': np.float64(0.8521400705630665), 'risk_classification': {'normal': 343, 'riesgo': 74, 'pct_normal': 82.25419664268586, 'pct_riesgo': 17.74580335731415}}, '36-40 años': {'n': 251, 'mean': np.float64(-0.3050800796812749), 'std': np.float64(0.8988583424331076), 'risk_classification': {'normal': 208, 'riesgo': 43, 'pct_normal': 82.86852589641434, 'pct_riesgo': 17.131474103585656}}, '>40 años': {'n': 111, 'mean': np.float64(-0.2669738738738739), 'std': np.float64(0.8261676829259423), 'risk_classification': {'normal': 94, 'riesgo': 17, 'pct_normal': 84.68468468468468, 'pct_riesgo': 15.315315315315313}}}","{'normality': False, 'homogeneity': True, 'note': 'OK'}",,1674
edad_anos_padre,zscore_desarrollo_motricidad_fina,ANOVA,1.7404506815191931,0.13847443845650317,False,"{'≤25 años': {'n': 422, 'mean': np.float64(-0.12183838862559242), 'std': np.float64(0.690677160195304), 'risk_classification': {'normal': 379, 'riesgo': 43, 'pct_normal': 89.81042654028435, 'pct_riesgo': 10.189573459715639}}, '26-30 años': {'n': 473, 'mean': np.float64(-0.07788329809725157), 'std': np.float64(0.7348868661316709), 'risk_classification': {'normal': 436, 'riesgo': 37, 'pct_normal': 92.17758985200845, 'pct_riesgo': 7.822410147991543}}, '31-35 años': {'n': 417, 'mean': np.float64(-0.06279424460431654), 'std': np.float64(0.7206766155478926), 'risk_classification': {'normal': 385, 'riesgo': 32, 'pct_normal': 92.32613908872902, 'pct_riesgo': 7.673860911270983}}, '36-40 años': {'n': 251, 'mean': np.float64(0.02473745019920318), 'std': np.float64(0.7306311078183522), 'risk_classification': {'normal': 234, 'riesgo': 17, 'pct_normal': 93.22709163346613, 'pct_riesgo': 6.772908366533864}}, '>40 años': {'n': 111, 'mean': np.float64(-0.030947747747747733), 'std': np.float64(0.7080527898715472), 'risk_classification': {'normal': 102, 'riesgo': 9, 'pct_normal': 91.8918918918919, 'pct_riesgo': 8.108108108108109}}}","{'normality': False, 'homogeneity': True, 'note': 'OK'}",,1674
edad_anos_padre,zscore_desarrollo_resolucion_problemas,ANOVA,1.0339613076780398,0.38827883187229895,False,"{'≤25 años': {'n': 422, 'mean': np.float64(-0.09470379146919432), 'std': np.float64(0.6605428712325827), 'risk_classification': {'normal': 389, 'riesgo': 33, 'pct_normal': 92.18009478672985, 'pct_riesgo': 7.819905213270142}}, '26-30 años': {'n': 473, 'mean': np.float64(-0.05041162790697675), 'std': np.float64(0.685476312912166), 'risk_classification': {'normal': 442, 'riesgo': 31, 'pct_normal': 93.44608879492601, 'pct_riesgo': 6.553911205073996}}, '31-35 años': {'n': 417, 'mean': np.float64(-0.06931294964028777), 'std': np.float64(0.6741677759076655), 'risk_classification': {'normal': 389, 'riesgo': 28, 'pct_normal': 93.28537170263789, 'pct_riesgo': 6.71462829736211}}, '36-40 años': {'n': 251, 'mean': np.float64(0.008758964143426291), 'std': np.float64(0.6814043021505828), 'risk_classification': {'normal': 240, 'riesgo': 11, 'pct_normal': 95.61752988047809, 'pct_riesgo': 4.382470119521913}}, '>40 años': {'n': 111, 'mean': np.float64(-0.0926153153153153), 'std': np.float64(0.6948782626145517), 'risk_classification': {'normal': 98, 'riesgo': 13, 'pct_normal': 88.28828828828829, 'pct_riesgo': 11.711711711711711}}}","{'normality': False, 'homogeneity': True, 'note': 'OK'}",,1674
edad_anos_padre,zscore_desarrollo_socio_individual,ANOVA,0.09510338228453388,0.9840343589203513,False,"{'≤25 años': {'n': 422, 'mean': np.float64(0.011581753554502368), 'std': np.float64(0.7328438885350608), 'risk_classification': {'normal': 378, 'riesgo': 44, 'pct_normal': 89.57345971563981, 'pct_riesgo': 10.42654028436019}}, '26-30 años': {'n': 473, 'mean': np.float64(0.03847103594080336), 'std': np.float64(0.6892864066314764), 'risk_classification': {'normal': 445, 'riesgo': 28, 'pct_normal': 94.08033826638477, 'pct_riesgo': 5.9196617336152215}}, '31-35 años': {'n': 417, 'mean': np.float64(0.030612709832134283), 'std': np.float64(0.7198222346367851), 'risk_classification': {'normal': 390, 'riesgo': 27, 'pct_normal': 93.5251798561151, 'pct_riesgo': 6.474820143884892}}, '36-40 años': {'n': 251, 'mean': np.float64(0.03884741035856572), 'std': np.float64(0.7803980432723207), 'risk_classification': {'normal': 231, 'riesgo': 20, 'pct_normal': 92.03187250996015, 'pct_riesgo': 7.968127490039841}}, '>40 años': {'n': 111, 'mean': np.float64(0.025299099099099092), 'std': np.float64(0.6597201115205111), 'risk_classification': {'normal': 108, 'riesgo': 3, 'pct_normal': 97.2972972972973, 'pct_riesgo': 2.7027027027027026}}}","{'normality': False, 'homogeneity': True, 'note': 'OK'}",,1674
grupo_etnico,zscore_desarrollo_comunicacion,ANOVA,3.180151023091778,0.07471382159703785,False,"{'Indígena': {'n': 741, 'mean': np.float64(0.07687611336032388), 'std': np.float64(0.6947404074663394), 'risk_classification': {'normal': 691, 'riesgo': 50, 'pct_normal': 93.25236167341431, 'pct_riesgo': 6.747638326585695}}, 'No indígena': {'n': 984, 'mean': np.float64(0.13676361788617883), 'std': np.float64(0.6871807200227811), 'risk_classification': {'normal': 937, 'riesgo': 47, 'pct_normal': 95.22357723577237, 'pct_riesgo': 4.776422764227642}}}","{'normality': False, 'homogeneity': True, 'note': 'OK'}",,1725
grupo_etnico,zscore_desarrollo_motricidad_gruesa,ANOVA,0.38195042858409456,0.5366429225049734,False,"{'Indígena': {'n': 741, 'mean': np.float64(-0.2833592442645074), 'std': np.float64(0.8978318161362155), 'risk_classification': {'normal': 612, 'riesgo': 129, 'pct_normal': 82.5910931174089, 'pct_riesgo': 17.408906882591094}}, 'No indígena': {'n': 984, 'mean': np.float64(-0.25833221544715446), 'std': np.float64(0.7798358763793001), 'risk_classification': {'normal': 825, 'riesgo': 159, 'pct_normal': 83.84146341463415, 'pct_riesgo': 16.158536585365855}}}","{'normality': False, 'homogeneity': True, 'note': 'OK'}",,1725
grupo_etnico,zscore_desarrollo_motricidad_fina,ANOVA,3.4721782176831533,0.06257909461514329,False,"{'Indígena': {'n': 741, 'mean': np.float64(-0.11494183535762482), 'std': np.float64(0.7672290393807181), 'risk_classification': {'normal': 669, 'riesgo': 72, 'pct_normal': 90.2834008097166, 'pct_riesgo': 9.7165991902834}}, 'No indígena': {'n': 984, 'mean': np.float64(-0.048917784552845525), 'std': np.float64(0.6978784259268447), 'risk_classification': {'normal': 908, 'riesgo': 76, 'pct_normal': 92.27642276422763, 'pct_riesgo': 7.723577235772358}}}","{'normality': False, 'homogeneity': True, 'note': 'OK'}",,1725
grupo_etnico,zscore_desarrollo_resolucion_problemas,Welch's ANOVA,0.45171600302929116,0.5016281435667856,False,"{'Indígena': {'n': 741, 'mean': np.float64(-0.08085708502024291), 'std': np.float64(0.7399549141262591), 'risk_classification': {'normal': 674, 'riesgo': 67, 'pct_normal': 90.95816464237517, 'pct_riesgo': 9.041835357624832}}, 'No indígena': {'n': 984, 'mean': np.float64(-0.0580839430894309), 'std': np.float64(0.6345419851610666), 'risk_classification': {'normal': 923, 'riesgo': 61, 'pct_normal': 93.80081300813008, 'pct_riesgo': 6.199186991869919}}}","{'normality': False, 'homogeneity': False, 'note': 'OK'}",,1725
grupo_etnico,zscore_desarrollo_socio_individual,ANOVA,0.4978089732456246,0.48055980100935025,False,"{'Indígena': {'n': 741, 'mean': np.float64(0.019432388663967612), 'std': np.float64(0.7480066721073578), 'risk_classification': {'normal': 675, 'riesgo': 66, 'pct_normal': 91.09311740890689, 'pct_riesgo': 8.906882591093117}}, 'No indígena': {'n': 984, 'mean': np.float64(0.04412378048780487), 'std': np.float64(0.6972583328070795), 'risk_classification': {'normal': 925, 'riesgo': 59, 'pct_normal': 94.0040650406504, 'pct_riesgo': 5.995934959349594}}}","{'normality': False, 'homogeneity': True, 'note': 'OK'}",,1725
area_residencia,zscore_desarrollo_comunicacion,Welch's ANOVA,10.500181136523507,0.0013136171145510997,True,"{'Rural': {'n': 257, 'mean': np.float64(-0.02614863813229572), 'std': np.float64(0.7453128687159029), 'risk_classification': {'normal': 232, 'riesgo': 25, 'pct_normal': 90.27237354085604, 'pct_riesgo': 9.72762645914397}}, 'Urbano': {'n': 1468, 'mean': np.float64(0.13505504087193462), 'std': np.float64(0.6783173433711766), 'risk_classification': {'normal': 1396, 'riesgo': 72, 'pct_normal': 95.09536784741145, 'pct_riesgo': 4.904632152588556}}}","{'normality': False, 'homogeneity': False, 'note': 'OK'}",Grupo más afectado: Rural,1725
area_residencia,zscore_desarrollo_motricidad_gruesa,Welch's ANOVA,4.46836586737879,0.03532253682862716,True,"{'Rural': {'n': 257, 'mean': np.float64(-0.3901575875486381), 'std': np.float64(1.0268161063598948), 'risk_classification': {'normal': 194, 'riesgo': 63, 'pct_normal': 75.4863813229572, 'pct_riesgo': 24.5136186770428}}, 'Urbano': {'n': 1468, 'mean': np.float64(-0.2478866485013624), 'std': np.float64(0.7920209165687611), 'risk_classification': {'normal': 1243, 'riesgo': 225, 'pct_normal': 84.67302452316076, 'pct_riesgo': 15.326975476839236}}}","{'normality': False, 'homogeneity': False, 'note': 'OK'}",Grupo más afectado: Rural,1725
area_residencia,zscore_desarrollo_motricidad_fina,Welch's ANOVA,2.764556546260111,0.09732653270048525,False,"{'Rural': {'n': 257, 'mean': np.float64(-0.15363035019455254), 'std': np.float64(0.8119684558491281), 'risk_classification': {'normal': 229, 'riesgo': 28, 'pct_normal': 89.10505836575877, 'pct_riesgo': 10.894941634241246}}, 'Urbano': {'n': 1468, 'mean': np.float64(-0.06391280653950955), 'std': np.float64(0.7129399916042409), 'risk_classification': {'normal': 1348, 'riesgo': 120, 'pct_normal': 91.82561307901908, 'pct_riesgo': 8.174386920980927}}}","{'normality': False, 'homogeneity': False, 'note': 'OK'}",,1725
area_residencia,zscore_desarrollo_resolucion_problemas,Welch's ANOVA,12.168762201079197,0.000554150155484244,True,"{'Rural': {'n': 257, 'mean': np.float64(-0.22411634241245137), 'std': np.float64(0.7979174713829321), 'risk_classification': {'normal': 218, 'riesgo': 39, 'pct_normal': 84.8249027237354, 'pct_riesgo': 15.17509727626459}}, 'Urbano': {'n': 1468, 'mean': np.float64(-0.040512125340599454), 'std': np.float64(0.6557550132160549), 'risk_classification': {'normal': 1379, 'riesgo': 89, 'pct_normal': 93.93732970027247, 'pct_riesgo': 6.062670299727521}}}","{'normality': False, 'homogeneity': False, 'note': 'OK'}",Grupo más afectado: Rural,1725
area_residencia,zscore_desarrollo_socio_individual,Welch's ANOVA,8.227685274617418,0.004394536652628988,True,"{'Rural': {'n': 257, 'mean': np.float64(-0.09786342412451363), 'std': np.float64(0.8116271381560344), 'risk_classification': {'normal': 223, 'riesgo': 34, 'pct_normal': 86.7704280155642, 'pct_riesgo': 13.229571984435799}}, 'Urbano': {'n': 1468, 'mean': np.float64(0.05651777929155312), 'std': np.float64(0.6997675213457991), 'risk_classification': {'normal': 1377, 'riesgo': 91, 'pct_normal': 93.80108991825612, 'pct_riesgo': 6.198910081743869}}}","{'normality': False, 'homogeneity': False, 'note': 'OK'}",Grupo más afectado: Rural,1725
nivel_educativo_madre,zscore_desarrollo_comunicacion,Welch's ANOVA,5.955609099272871,0.00012503802509339273,True,"{'Básico': {'n': 506, 'mean': np.float64(0.1352709486166008), 'std': np.float64(0.6585539667894711), 'risk_classification': {'normal': 485, 'riesgo': 21, 'pct_normal': 95.8498023715415, 'pct_riesgo': 4.150197628458498}}, 'Diversificado': {'n': 700, 'mean': np.float64(0.07378214285714285), 'std': np.float64(0.6704423336334577), 'risk_classification': {'normal': 660, 'riesgo': 40, 'pct_normal': 94.28571428571428, 'pct_riesgo': 5.714285714285714}}, 'Ninguna': {'n': 63, 'mean': np.float64(-0.1493380952380953), 'std': np.float64(0.8028722753096096), 'risk_classification': {'normal': 54, 'riesgo': 9, 'pct_normal': 85.71428571428571, 'pct_riesgo': 14.285714285714285}}, 'Primaria': {'n': 314, 'mean': np.float64(0.10203980891719745), 'std': np.float64(0.7253011606565949), 'risk_classification': {'normal': 293, 'riesgo': 21, 'pct_normal': 93.31210191082803, 'pct_riesgo': 6.687898089171974}}, 'Universitario': {'n': 128, 'mean': np.float64(0.34610781249999995), 'std': np.float64(0.6995115605928549), 'risk_classification': {'normal': 124, 'riesgo': 4, 'pct_normal': 96.875, 'pct_riesgo': 3.125}}}","{'normality': False, 'homogeneity': False, 'note': 'OK'}",Grupo más afectado: Ninguna,1711
nivel_educativo_madre,zscore_desarrollo_motricidad_gruesa,ANOVA,6.293516761381264,5.019898432342014e-05,True,"{'Básico': {'n': 506, 'mean': np.float64(-0.3002806324110672), 'std': np.float64(0.8339279669371901), 'risk_classification': {'normal': 417, 'riesgo': 89, 'pct_normal': 82.41106719367589, 'pct_riesgo': 17.588932806324113}}, 'Diversificado': {'n': 700, 'mean': np.float64(-0.28146814285714283), 'std': np.float64(0.785739016542209), 'risk_classification': {'normal': 583, 'riesgo': 117, 'pct_normal': 83.28571428571429, 'pct_riesgo': 16.714285714285715}}, 'Ninguna': {'n': 63, 'mean': np.float64(-0.534509523809524), 'std': np.float64(0.9359144184259112), 'risk_classification': {'normal': 46, 'riesgo': 17, 'pct_normal': 73.01587301587301, 'pct_riesgo': 26.984126984126984}}, 'Primaria': {'n': 314, 'mean': np.float64(-0.2677143312101911), 'std': np.float64(0.8427841755367589), 'risk_classification': {'normal': 262, 'riesgo': 52, 'pct_normal': 83.43949044585987, 'pct_riesgo': 16.560509554140125}}, 'Universitario': {'n': 128, 'mean': np.float64(0.03986796874999997), 'std': np.float64(0.9307236816816716), 'risk_classification': {'normal': 118, 'riesgo': 10, 'pct_normal': 92.1875, 'pct_riesgo': 7.8125}}}","{'normality': False, 'homogeneity': True, 'note': 'OK'}",Grupo más afectado: Ninguna,1711
nivel_educativo_madre,zscore_desarrollo_motricidad_fina,ANOVA,8.682359895837902,6.16660526053934e-07,True,"{'Básico': {'n': 506, 'mean': np.float64(-0.05655454545454546), 'std': np.float64(0.7448041899289596), 'risk_classification': {'normal': 459, 'riesgo': 47, 'pct_normal': 90.71146245059289, 'pct_riesgo': 9.288537549407115}}, 'Diversificado': {'n': 700, 'mean': np.float64(-0.06971914285714285), 'std': np.float64(0.6636607878435735), 'risk_classification': {'normal': 655, 'riesgo': 45, 'pct_normal': 93.57142857142857, 'pct_riesgo': 6.428571428571428}}, 'Ninguna': {'n': 63, 'mean': np.float64(-0.36932857142857145), 'std': np.float64(0.8748295008869554), 'risk_classification': {'normal': 51, 'riesgo': 12, 'pct_normal': 80.95238095238095, 'pct_riesgo': 19.047619047619047}}, 'Primaria': {'n': 314, 'mean': np.float64(-0.16980509554140127), 'std': np.float64(0.7461689447834559), 'risk_classification': {'normal': 279, 'riesgo': 35, 'pct_normal': 88.85350318471338, 'pct_riesgo': 11.146496815286625}}, 'Universitario': {'n': 128, 'mean': np.float64(0.19618515625), 'std': np.float64(0.7360821201287284), 'risk_classification': {'normal': 121, 'riesgo': 7, 'pct_normal': 94.53125, 'pct_riesgo': 5.46875}}}","{'normality': False, 'homogeneity': True, 'note': 'OK'}",Grupo más afectado: Ninguna,1711
nivel_educativo_madre,zscore_desarrollo_resolucion_problemas,ANOVA,9.507463336059969,1.333162890280276e-07,True,"{'Básico': {'n': 506, 'mean': np.float64(-0.04411324110671937), 'std': np.float64(0.6770894736219671), 'risk_classification': {'normal': 478, 'riesgo': 28, 'pct_normal': 94.46640316205533, 'pct_riesgo': 5.533596837944664}}, 'Diversificado': {'n': 700, 'mean': np.float64(-0.10263071428571428), 'std': np.float64(0.6628671392561565), 'risk_classification': {'normal': 640, 'riesgo': 60, 'pct_normal': 91.42857142857143, 'pct_riesgo': 8.571428571428571}}, 'Ninguna': {'n': 63, 'mean': np.float64(-0.31687142857142847), 'std': np.float64(0.8224969917443902), 'risk_classification': {'normal': 55, 'riesgo': 8, 'pct_normal': 87.3015873015873, 'pct_riesgo': 12.698412698412698}}, 'Primaria': {'n': 314, 'mean': np.float64(-0.08982452229299363), 'std': np.float64(0.6511926145295431), 'risk_classification': {'normal': 290, 'riesgo': 24, 'pct_normal': 92.35668789808918, 'pct_riesgo': 7.643312101910828}}, 'Universitario': {'n': 128, 'mean': np.float64(0.23812265625), 'std': np.float64(0.667581061074009), 'risk_classification': {'normal': 124, 'riesgo': 4, 'pct_normal': 96.875, 'pct_riesgo': 3.125}}}","{'normality': False, 'homogeneity': True, 'note': 'OK'}",Grupo más afectado: Ninguna,1711
nivel_educativo_madre,zscore_desarrollo_socio_individual,ANOVA,6.441587064670425,3.829931163493466e-05,True,"{'Básico': {'n': 506, 'mean': np.float64(0.04974328063241107), 'std': np.float64(0.6693795063261305), 'risk_classification': {'normal': 481, 'riesgo': 25, 'pct_normal': 95.0592885375494, 'pct_riesgo': 4.940711462450593}}, 'Diversificado': {'n': 700, 'mean': np.float64(0.011573571428571421), 'std': np.float64(0.7036317881375468), 'risk_classification': {'normal': 649, 'riesgo': 51, 'pct_normal': 92.71428571428572, 'pct_riesgo': 7.285714285714286}}, 'Ninguna': {'n': 63, 'mean': np.float64(-0.21324761904761905), 'std': np.float64(0.832356514779486), 'risk_classification': {'normal': 52, 'riesgo': 11, 'pct_normal': 82.53968253968253, 'pct_riesgo': 17.46031746031746}}, 'Primaria': {'n': 314, 'mean': np.float64(0.0019458598726114784), 'std': np.float64(0.7287369376831581), 'risk_classification': {'normal': 285, 'riesgo': 29, 'pct_normal': 90.76433121019109, 'pct_riesgo': 9.235668789808917}}, 'Universitario': {'n': 128, 'mean': np.float64(0.29194296875000003), 'std': np.float64(0.8432995869416746), 'risk_classification': {'normal': 121, 'riesgo': 7, 'pct_normal': 94.53125, 'pct_riesgo': 5.46875}}}","{'normality': False, 'homogeneity': True, 'note': 'OK'}",Grupo más afectado: Ninguna,1711
nivel_educativo_padre,zscore_desarrollo_comunicacion,ANOVA,6.816235985499624,1.9325055809747268e-05,True,"{'Básico': {'n': 380, 'mean': np.float64(0.22858763157894735), 'std': np.float64(0.6366593903277709), 'risk_classification': {'normal': 366, 'riesgo': 14, 'pct_normal': 96.3157894736842, 'pct_riesgo': 3.684210526315789}}, 'Diversificado': {'n': 811, 'mean': np.float64(0.07230221948212084), 'std': np.float64(0.6663650384653257), 'risk_classification': {'normal': 767, 'riesgo': 44, 'pct_normal': 94.57459926017263, 'pct_riesgo': 5.425400739827373}}, 'Ninguna': {'n': 50, 'mean': np.float64(-0.07415799999999999), 'std': np.float64(0.7597439824126577), 'risk_classification': {'normal': 46, 'riesgo': 4, 'pct_normal': 92.0, 'pct_riesgo': 8.0}}, 'Primaria': {'n': 260, 'mean': np.float64(0.006970769230769232), 'std': np.float64(0.692171368066902), 'risk_classification': {'normal': 243, 'riesgo': 17, 'pct_normal': 93.46153846153847, 'pct_riesgo': 6.538461538461539}}, 'Universitario': {'n': 172, 'mean': np.float64(0.20589418604651163), 'std': np.float64(0.7654759025553324), 'risk_classification': {'normal': 162, 'riesgo': 10, 'pct_normal': 94.18604651162791, 'pct_riesgo': 5.813953488372093}}}","{'normality': False, 'homogeneity': True, 'note': 'OK'}",Grupo más afectado: Ninguna,1673
nivel_educativo_padre,zscore_desarrollo_motricidad_gruesa,Welch's ANOVA,1.8818324149259458,0.11380978649631995,False,"{'Básico': {'n': 380, 'mean': np.float64(-0.21910789473684214), 'std': np.float64(0.7957953533559974), 'risk_classification': {'normal': 320, 'riesgo': 60, 'pct_normal': 84.21052631578947, 'pct_riesgo': 15.789473684210526}}, 'Diversificado': {'n': 811, 'mean': np.float64(-0.3014324290998767), 'std': np.float64(0.7893271534551584), 'risk_classification': {'normal': 675, 'riesgo': 136, 'pct_normal': 83.23057953144266, 'pct_riesgo': 16.769420468557335}}, 'Ninguna': {'n': 50, 'mean': np.float64(-0.465072), 'std': np.float64(0.9500146155782262), 'risk_classification': {'normal': 34, 'riesgo': 16, 'pct_normal': 68.0, 'pct_riesgo': 32.0}}, 'Primaria': {'n': 260, 'mean': np.float64(-0.19133346153846154), 'std': np.float64(0.8117589665436614), 'risk_classification': {'normal': 223, 'riesgo': 37, 'pct_normal': 85.76923076923076, 'pct_riesgo': 14.23076923076923}}, 'Universitario': {'n': 172, 'mean': np.float64(-0.3051325581395349), 'std': np.float64(1.0323746977694617), 'risk_classification': {'normal': 144, 'riesgo': 28, 'pct_normal': 83.72093023255815, 'pct_riesgo': 16.27906976744186}}}","{'normality': False, 'homogeneity': False, 'note': 'OK'}",,1673
nivel_educativo_padre,zscore_desarrollo_motricidad_fina,ANOVA,1.0919552496494898,0.3588901242896384,False,"{'Básico': {'n': 380, 'mean': np.float64(-0.04139736842105264), 'std': np.float64(0.7028929710134969), 'risk_classification': {'normal': 350, 'riesgo': 30, 'pct_normal': 92.10526315789474, 'pct_riesgo': 7.894736842105263}}, 'Diversificado': {'n': 811, 'mean': np.float64(-0.04998705302096177), 'std': np.float64(0.7001803292539317), 'risk_classification': {'normal': 754, 'riesgo': 57, 'pct_normal': 92.97163995067818, 'pct_riesgo': 7.028360049321824}}, 'Ninguna': {'n': 50, 'mean': np.float64(-0.18263), 'std': np.float64(0.7060297788857559), 'risk_classification': {'normal': 45, 'riesgo': 5, 'pct_normal': 90.0, 'pct_riesgo': 10.0}}, 'Primaria': {'n': 260, 'mean': np.float64(-0.1304996153846154), 'std': np.float64(0.7549176207837088), 'risk_classification': {'normal': 229, 'riesgo': 31, 'pct_normal': 88.07692307692308, 'pct_riesgo': 11.923076923076923}}, 'Universitario': {'n': 172, 'mean': np.float64(-0.05281337209302325), 'std': np.float64(0.7420927582633623), 'risk_classification': {'normal': 158, 'riesgo': 14, 'pct_normal': 91.86046511627907, 'pct_riesgo': 8.13953488372093}}}","{'normality': False, 'homogeneity': True, 'note': 'OK'}",,1673
nivel_educativo_padre,zscore_desarrollo_resolucion_problemas,ANOVA,1.3573286666663689,0.24651407053320976,False,"{'Básico': {'n': 380, 'mean': np.float64(-0.015158684210526322), 'std': np.float64(0.692478178240032), 'risk_classification': {'normal': 359, 'riesgo': 21, 'pct_normal': 94.47368421052632, 'pct_riesgo': 5.526315789473684}}, 'Diversificado': {'n': 811, 'mean': np.float64(-0.07100702836004931), 'std': np.float64(0.6428496786156311), 'risk_classification': {'normal': 754, 'riesgo': 57, 'pct_normal': 92.97163995067818, 'pct_riesgo': 7.028360049321824}}, 'Ninguna': {'n': 50, 'mean': np.float64(-0.216392), 'std': np.float64(0.8116381519683585), 'risk_classification': {'normal': 44, 'riesgo': 6, 'pct_normal': 88.0, 'pct_riesgo': 12.0}}, 'Primaria': {'n': 260, 'mean': np.float64(-0.07335346153846153), 'std': np.float64(0.6866128214578344), 'risk_classification': {'normal': 242, 'riesgo': 18, 'pct_normal': 93.07692307692308, 'pct_riesgo': 6.923076923076923}}, 'Universitario': {'n': 172, 'mean': np.float64(-0.015073255813953483), 'std': np.float64(0.7127828194489667), 'risk_classification': {'normal': 161, 'riesgo': 11, 'pct_normal': 93.6046511627907, 'pct_riesgo': 6.395348837209303}}}","{'normality': False, 'homogeneity': True, 'note': 'OK'}",,1673
nivel_educativo_padre,zscore_desarrollo_socio_individual,ANOVA,2.5679099082102743,0.036477361063711515,True,"{'Básico': {'n': 380, 'mean': np.float64(0.09582157894736841), 'std': np.float64(0.6915274462566617), 'risk_classification': {'normal': 358, 'riesgo': 22, 'pct_normal': 94.21052631578948, 'pct_riesgo': 5.7894736842105265}}, 'Diversificado': {'n': 811, 'mean': np.float64(0.016852281134401976), 'std': np.float64(0.6896888766300782), 'risk_classification': {'normal': 757, 'riesgo': 54, 'pct_normal': 93.34155363748458, 'pct_riesgo': 6.658446362515413}}, 'Ninguna': {'n': 50, 'mean': np.float64(-0.23268999999999998), 'std': np.float64(0.7584727149250092), 'risk_classification': {'normal': 44, 'riesgo': 6, 'pct_normal': 88.0, 'pct_riesgo': 12.0}}, 'Primaria': {'n': 260, 'mean': np.float64(0.017918076923076925), 'std': np.float64(0.7561924903179587), 'risk_classification': {'normal': 235, 'riesgo': 25, 'pct_normal': 90.38461538461539, 'pct_riesgo': 9.615384615384617}}, 'Universitario': {'n': 172, 'mean': np.float64(0.030686046511627887), 'std': np.float64(0.8144735044872632), 'risk_classification': {'normal': 158, 'riesgo': 14, 'pct_normal': 91.86046511627907, 'pct_riesgo': 8.13953488372093}}}","{'normality': False, 'homogeneity': True, 'note': 'OK'}",Grupo más afectado: Ninguna,1673
fuente_agua_consumo,zscore_desarrollo_comunicacion,ANOVA,1.555093562375309,0.19842804691783114,False,"{'Chorro público': {'n': 142, 'mean': np.float64(0.06634718309859157), 'std': np.float64(0.6535819801518727), 'risk_classification': {'normal': 136, 'riesgo': 6, 'pct_normal': 95.77464788732394, 'pct_riesgo': 4.225352112676056}}, 'Pozo público o privado': {'n': 18, 'mean': np.float64(0.10465555555555553), 'std': np.float64(0.9354335227879936), 'risk_classification': {'normal': 15, 'riesgo': 3, 'pct_normal': 83.33333333333334, 'pct_riesgo': 16.666666666666664}}, 'Red de tubería': {'n': 1562, 'mean': np.float64(0.1136339948783611), 'std': np.float64(0.690932298662901), 'risk_classification': {'normal': 1474, 'riesgo': 88, 'pct_normal': 94.36619718309859, 'pct_riesgo': 5.633802816901409}}, 'Río, lago, tonel, camión y otro': {'n': 3, 'mean': np.float64(0.9130666666666668), 'std': np.float64(0.41488390343966514), 'risk_classification': {'normal': 3, 'riesgo': 0, 'pct_normal': 100.0, 'pct_riesgo': 0.0}}}","{'normality': False, 'homogeneity': True, 'note': 'OK'}",,1725
fuente_agua_consumo,zscore_desarrollo_motricidad_gruesa,Welch's ANOVA,1.3905692056255676,0.3079978574740439,False,"{'Chorro público': {'n': 142, 'mean': np.float64(-0.27901338028169015), 'std': np.float64(0.8513153245035543), 'risk_classification': {'normal': 119, 'riesgo': 23, 'pct_normal': 83.80281690140845, 'pct_riesgo': 16.19718309859155}}, 'Pozo público o privado': {'n': 18, 'mean': np.float64(-0.7242722222222223), 'std': np.float64(1.2707420568570786), 'risk_classification': {'normal': 12, 'riesgo': 6, 'pct_normal': 66.66666666666666, 'pct_riesgo': 33.33333333333333}}, 'Red de tubería': {'n': 1562, 'mean': np.float64(-0.26383796414852756), 'std': np.float64(0.8240279389535246), 'risk_classification': {'normal': 1303, 'riesgo': 259, 'pct_normal': 83.41869398207426, 'pct_riesgo': 16.581306017925737}}, 'Río, lago, tonel, camión y otro': {'n': 3, 'mean': np.float64(0.20120000000000002), 'std': np.float64(0.5210307188640608), 'risk_classification': {'normal': 3, 'riesgo': 0, 'pct_normal': 100.0, 'pct_riesgo': 0.0}}}","{'normality': False, 'homogeneity': False, 'note': 'OK'}",,1725
fuente_agua_consumo,zscore_desarrollo_motricidad_fina,Welch's ANOVA,15.994844552388713,0.000506558922699292,True,"{'Chorro público': {'n': 142, 'mean': np.float64(-0.1805542253521127), 'std': np.float64(0.8059863647917667), 'risk_classification': {'normal': 126, 'riesgo': 16, 'pct_normal': 88.73239436619718, 'pct_riesgo': 11.267605633802818}}, 'Pozo público o privado': {'n': 18, 'mean': np.float64(-0.5893555555555554), 'std': np.float64(0.9601048884012757), 'risk_classification': {'normal': 13, 'riesgo': 5, 'pct_normal': 72.22222222222221, 'pct_riesgo': 27.77777777777778}}, 'Red de tubería': {'n': 1562, 'mean': np.float64(-0.06330659411011524), 'std': np.float64(0.7162958213554476), 'risk_classification': {'normal': 1435, 'riesgo': 127, 'pct_normal': 91.86939820742637, 'pct_riesgo': 8.130601792573623}}, 'Río, lago, tonel, camión y otro': {'n': 3, 'mean': np.float64(0.6083333333333333), 'std': np.float64(0.1701451243301827), 'risk_classification': {'normal': 3, 'riesgo': 0, 'pct_normal': 100.0, 'pct_riesgo': 0.0}}}","{'normality': False, 'homogeneity': False, 'note': 'OK'}",Grupo más afectado: Pozo público o privado,1725
fuente_agua_consumo,zscore_desarrollo_resolucion_problemas,ANOVA,0.2193846660075148,0.8829843438412427,False,"{'Chorro público': {'n': 142, 'mean': np.float64(-0.10167816901408452), 'std': np.float64(0.6604345216003221), 'risk_classification': {'normal': 126, 'riesgo': 16, 'pct_normal': 88.73239436619718, 'pct_riesgo': 11.267605633802818}}, 'Pozo público o privado': {'n': 18, 'mean': np.float64(-0.1488333333333333), 'std': np.float64(0.7398319562775129), 'risk_classification': {'normal': 15, 'riesgo': 3, 'pct_normal': 83.33333333333334, 'pct_riesgo': 16.666666666666664}}, 'Red de tubería': {'n': 1562, 'mean': np.float64(-0.06383393085787452), 'std': np.float64(0.6836429632999114), 'risk_classification': {'normal': 1453, 'riesgo': 109, 'pct_normal': 93.02176696542894, 'pct_riesgo': 6.978233034571063}}, 'Río, lago, tonel, camión y otro': {'n': 3, 'mean': np.float64(-0.08126666666666667), 'std': np.float64(0.5097529630451728), 'risk_classification': {'normal': 3, 'riesgo': 0, 'pct_normal': 100.0, 'pct_riesgo': 0.0}}}","{'normality': False, 'homogeneity': True, 'note': 'OK'}",,1725
fuente_agua_consumo,zscore_desarrollo_socio_individual,ANOVA,0.4977617960476239,0.6838703614840913,False,"{'Chorro público': {'n': 142, 'mean': np.float64(0.042419718309859154), 'std': np.float64(0.6826386768668546), 'risk_classification': {'normal': 133, 'riesgo': 9, 'pct_normal': 93.66197183098592, 'pct_riesgo': 6.338028169014084}}, 'Pozo público o privado': {'n': 18, 'mean': np.float64(-0.1603555555555556), 'std': np.float64(0.956096780864304), 'risk_classification': {'normal': 16, 'riesgo': 2, 'pct_normal': 88.88888888888889, 'pct_riesgo': 11.11111111111111}}, 'Red de tubería': {'n': 1562, 'mean': np.float64(0.035257490396927015), 'std': np.float64(0.7188413658085778), 'risk_classification': {'normal': 1449, 'riesgo': 113, 'pct_normal': 92.76568501920615, 'pct_riesgo': 7.2343149807938545}}, 'Río, lago, tonel, camión y otro': {'n': 3, 'mean': np.float64(-0.13073333333333334), 'std': np.float64(1.334797858603816), 'risk_classification': {'normal': 2, 'riesgo': 1, 'pct_normal': 66.66666666666666, 'pct_riesgo': 33.33333333333333}}}","{'normality': False, 'homogeneity': True, 'note': 'OK'}",,1725
tipo_sanitario,zscore_desarrollo_comunicacion,ANOVA,0.06426110149836581,0.7999138723700746,False,"{'Inodoro': {'n': 1615, 'mean': np.float64(0.11006080495356037), 'std': np.float64(0.6962190876071599), 'risk_classification': {'normal': 1523, 'riesgo': 92, 'pct_normal': 94.30340557275542, 'pct_riesgo': 5.696594427244582}}, 'Letrina/Pozo ciego': {'n': 109, 'mean': np.float64(0.12740183486238535), 'std': np.float64(0.6121040957800202), 'risk_classification': {'normal': 104, 'riesgo': 5, 'pct_normal': 95.41284403669725, 'pct_riesgo': 4.587155963302752}}}","{'normality': False, 'homogeneity': True, 'note': 'OK'}",,1725
tipo_sanitario,zscore_desarrollo_motricidad_gruesa,ANOVA,0.5408743589880212,0.46217074234943223,False,"{'Inodoro': {'n': 1615, 'mean': np.float64(-0.2657752941176471), 'std': np.float64(0.8284180612713259), 'risk_classification': {'normal': 1345, 'riesgo': 270, 'pct_normal': 83.28173374613003, 'pct_riesgo': 16.718266253869967}}, 'Letrina/Pozo ciego': {'n': 109, 'mean': np.float64(-0.32636422018348626), 'std': np.float64(0.8910407273938816), 'risk_classification': {'normal': 91, 'riesgo': 18, 'pct_normal': 83.4862385321101, 'pct_riesgo': 16.51376146788991}}}","{'normality': False, 'homogeneity': True, 'note': 'OK'}",,1725
tipo_sanitario,zscore_desarrollo_motricidad_fina,ANOVA,0.29756071425160685,0.585486339486613,False,"{'Inodoro': {'n': 1615, 'mean': np.float64(-0.07471566563467491), 'std': np.float64(0.7318646144689663), 'risk_classification': {'normal': 1476, 'riesgo': 139, 'pct_normal': 91.39318885448915, 'pct_riesgo': 8.606811145510836}}, 'Letrina/Pozo ciego': {'n': 109, 'mean': np.float64(-0.1140880733944954), 'std': np.float64(0.690654361045026), 'risk_classification': {'normal': 100, 'riesgo': 9, 'pct_normal': 91.74311926605505, 'pct_riesgo': 8.256880733944955}}}","{'normality': False, 'homogeneity': True, 'note': 'OK'}",,1725
tipo_sanitario,zscore_desarrollo_resolucion_problemas,ANOVA,3.003548858831634,0.08326136239423178,False,"{'Inodoro': {'n': 1615, 'mean': np.float64(-0.061148606811145506), 'std': np.float64(0.6782053686318905), 'risk_classification': {'normal': 1500, 'riesgo': 115, 'pct_normal': 92.87925696594426, 'pct_riesgo': 7.120743034055728}}, 'Letrina/Pozo ciego': {'n': 109, 'mean': np.float64(-0.1779376146788991), 'std': np.float64(0.7207293252888316), 'risk_classification': {'normal': 96, 'riesgo': 13, 'pct_normal': 88.07339449541286, 'pct_riesgo': 11.926605504587156}}}","{'normality': False, 'homogeneity': True, 'note': 'OK'}",,1725
tipo_sanitario,zscore_desarrollo_socio_individual,ANOVA,0.6728298644551381,0.4121802495848912,False,"{'Inodoro': {'n': 1615, 'mean': np.float64(0.03788668730650155), 'std': np.float64(0.7230633376219521), 'risk_classification': {'normal': 1500, 'riesgo': 115, 'pct_normal': 92.87925696594426, 'pct_riesgo': 7.120743034055728}}, 'Letrina/Pozo ciego': {'n': 109, 'mean': np.float64(-0.020487155963302736), 'std': np.float64(0.6572373648252146), 'risk_classification': {'normal': 100, 'riesgo': 9, 'pct_normal': 91.74311926605505, 'pct_riesgo': 8.256880733944955}}}","{'normality': False, 'homogeneity': True, 'note': 'OK'}",,1725
manejo_basura,zscore_desarrollo_comunicacion,ANOVA,1.0473745823311749,0.38131047648269323,False,"{'La entierra': {'n': 8, 'mean': np.float64(-0.06698749999999998), 'std': np.float64(1.2390170071904352), 'risk_classification': {'normal': 6, 'riesgo': 2, 'pct_normal': 75.0, 'pct_riesgo': 25.0}}, 'La quema': {'n': 223, 'mean': np.float64(0.08623766816143498), 'std': np.float64(0.7299052682072519), 'risk_classification': {'normal': 203, 'riesgo': 20, 'pct_normal': 91.03139013452915, 'pct_riesgo': 8.968609865470851}}, 'La tira en cualquier lugar': {'n': 9, 'mean': np.float64(0.5039777777777777), 'std': np.float64(0.8152660697247522), 'risk_classification': {'normal': 9, 'riesgo': 0, 'pct_normal': 100.0, 'pct_riesgo': 0.0}}, 'Otra': {'n': 3, 'mean': np.float64(-0.1517666666666667), 'std': np.float64(0.7085866025640997), 'risk_classification': {'normal': 3, 'riesgo': 0, 'pct_normal': 100.0, 'pct_riesgo': 0.0}}, 'Servicio municipal o privado': {'n': 1482, 'mean': np.float64(0.11387651821862348), 'std': np.float64(0.6803586727062124), 'risk_classification': {'normal': 1407, 'riesgo': 75, 'pct_normal': 94.93927125506073, 'pct_riesgo': 5.060728744939271}}}","{'normality': False, 'homogeneity': True, 'note': 'OK'}",,1725
manejo_basura,zscore_desarrollo_motricidad_gruesa,ANOVA,0.7436232614204392,0.5622444584118409,False,"{'La entierra': {'n': 8, 'mean': np.float64(-0.4268375), 'std': np.float64(1.954128882237008), 'risk_classification': {'normal': 7, 'riesgo': 1, 'pct_normal': 87.5, 'pct_riesgo': 12.5}}, 'La quema': {'n': 223, 'mean': np.float64(-0.21258430493273547), 'std': np.float64(0.866654093884203), 'risk_classification': {'normal': 187, 'riesgo': 36, 'pct_normal': 83.85650224215246, 'pct_riesgo': 16.143497757847534}}, 'La tira en cualquier lugar': {'n': 9, 'mean': np.float64(-0.1428666666666666), 'std': np.float64(1.1377524620935786), 'risk_classification': {'normal': 6, 'riesgo': 3, 'pct_normal': 66.66666666666666, 'pct_riesgo': 33.33333333333333}}, 'Otra': {'n': 3, 'mean': np.float64(0.27066666666666667), 'std': np.float64(0.7306038210503236), 'risk_classification': {'normal': 3, 'riesgo': 0, 'pct_normal': 100.0, 'pct_riesgo': 0.0}}, 'Servicio municipal o privado': {'n': 1482, 'mean': np.float64(-0.2785919703103914), 'std': np.float64(0.8166183645115753), 'risk_classification': {'normal': 1234, 'riesgo': 248, 'pct_normal': 83.26585695006747, 'pct_riesgo': 16.734143049932523}}}","{'normality': False, 'homogeneity': True, 'note': 'OK'}",,1725
manejo_basura,zscore_desarrollo_motricidad_fina,Welch's ANOVA,0.6402075767878546,0.6453904419617134,False,"{'La entierra': {'n': 8, 'mean': np.float64(-0.5803), 'std': np.float64(1.8238071483261915), 'risk_classification': {'normal': 6, 'riesgo': 2, 'pct_normal': 75.0, 'pct_riesgo': 25.0}}, 'La quema': {'n': 223, 'mean': np.float64(-0.019269058295964137), 'std': np.float64(0.7759935528909945), 'risk_classification': {'normal': 203, 'riesgo': 20, 'pct_normal': 91.03139013452915, 'pct_riesgo': 8.968609865470851}}, 'La tira en cualquier lugar': {'n': 9, 'mean': np.float64(0.12896666666666665), 'std': np.float64(0.7905277382862665), 'risk_classification': {'normal': 8, 'riesgo': 1, 'pct_normal': 88.88888888888889, 'pct_riesgo': 11.11111111111111}}, 'Otra': {'n': 3, 'mean': np.float64(0.21029999999999996), 'std': np.float64(0.781727324583195), 'risk_classification': {'normal': 3, 'riesgo': 0, 'pct_normal': 100.0, 'pct_riesgo': 0.0}}, 'Servicio municipal o privado': {'n': 1482, 'mean': np.float64(-0.085127665317139), 'std': np.float64(0.7113946076327028), 'risk_classification': {'normal': 1357, 'riesgo': 125, 'pct_normal': 91.56545209176788, 'pct_riesgo': 8.434547908232119}}}","{'normality': False, 'homogeneity': False, 'note': 'OK'}",,1725
manejo_basura,zscore_desarrollo_resolucion_problemas,Welch's ANOVA,2.1284693689223033,0.1488576150053746,False,"{'La entierra': {'n': 8, 'mean': np.float64(-0.2966375), 'std': np.float64(1.811901414014334), 'risk_classification': {'normal': 7, 'riesgo': 1, 'pct_normal': 87.5, 'pct_riesgo': 12.5}}, 'La quema': {'n': 223, 'mean': np.float64(-0.18165291479820628), 'std': np.float64(0.7827632335515154), 'risk_classification': {'normal': 195, 'riesgo': 28, 'pct_normal': 87.4439461883408, 'pct_riesgo': 12.556053811659194}}, 'La tira en cualquier lugar': {'n': 9, 'mean': np.float64(0.37586666666666674), 'std': np.float64(0.6385666155539296), 'risk_classification': {'normal': 9, 'riesgo': 0, 'pct_normal': 100.0, 'pct_riesgo': 0.0}}, 'Otra': {'n': 3, 'mean': np.float64(0.11283333333333335), 'std': np.float64(0.5904213439005516), 'risk_classification': {'normal': 3, 'riesgo': 0, 'pct_normal': 100.0, 'pct_riesgo': 0.0}}, 'Servicio municipal o privado': {'n': 1482, 'mean': np.float64(-0.05257037786774629), 'std': np.float64(0.6536171560976382), 'risk_classification': {'normal': 1383, 'riesgo': 99, 'pct_normal': 93.31983805668015, 'pct_riesgo': 6.680161943319838}}}","{'normality': False, 'homogeneity': False, 'note': 'OK'}",,1725
manejo_basura,zscore_desarrollo_socio_individual,ANOVA,0.4935890074415042,0.7404730331613691,False,"{'La entierra': {'n': 8, 'mean': np.float64(0.09862499999999999), 'std': np.float64(0.7661982245383464), 'risk_classification': {'normal': 7, 'riesgo': 1, 'pct_normal': 87.5, 'pct_riesgo': 12.5}}, 'La quema': {'n': 223, 'mean': np.float64(-0.021487892376681608), 'std': np.float64(0.7757033284520984), 'risk_classification': {'normal': 198, 'riesgo': 25, 'pct_normal': 88.78923766816143, 'pct_riesgo': 11.210762331838566}}, 'La tira en cualquier lugar': {'n': 9, 'mean': np.float64(0.12316666666666665), 'std': np.float64(0.8023392144224287), 'risk_classification': {'normal': 9, 'riesgo': 0, 'pct_normal': 100.0, 'pct_riesgo': 0.0}}, 'Otra': {'n': 3, 'mean': np.float64(0.27263333333333334), 'std': np.float64(0.45753747751778034), 'risk_classification': {'normal': 3, 'riesgo': 0, 'pct_normal': 100.0, 'pct_riesgo': 0.0}}, 'Servicio municipal o privado': {'n': 1482, 'mean': np.float64(0.040414035087719305), 'std': np.float64(0.7106408483899954), 'risk_classification': {'normal': 1383, 'riesgo': 99, 'pct_normal': 93.31983805668015, 'pct_riesgo': 6.680161943319838}}}","{'normality': False, 'homogeneity': True, 'note': 'OK'}",,1725
tipo_energia_cocina,zscore_desarrollo_comunicacion,ANOVA,0.5279525328322969,0.5899069038927082,False,"{'Gas corriente, carbón y otros': {'n': 4, 'mean': np.float64(-0.212975), 'std': np.float64(0.2830968900688714), 'risk_classification': {'normal': 4, 'riesgo': 0, 'pct_normal': 100.0, 'pct_riesgo': 0.0}}, 'Gas propano': {'n': 1503, 'mean': np.float64(0.11412801064537592), 'std': np.float64(0.6879100813094773), 'risk_classification': {'normal': 1422, 'riesgo': 81, 'pct_normal': 94.61077844311377, 'pct_riesgo': 5.389221556886228}}, 'Leña': {'n': 216, 'mean': np.float64(0.09295925925925926), 'std': np.float64(0.7189013624532389), 'risk_classification': {'normal': 200, 'riesgo': 16, 'pct_normal': 92.5925925925926, 'pct_riesgo': 7.4074074074074066}}}","{'normality': False, 'homogeneity': True, 'note': 'OK'}",,1725
tipo_energia_cocina,zscore_desarrollo_motricidad_gruesa,ANOVA,0.4319240002346198,0.6493291198640082,False,"{'Gas corriente, carbón y otros': {'n': 4, 'mean': np.float64(-0.638975), 'std': np.float64(0.2779986136056557), 'risk_classification': {'normal': 3, 'riesgo': 1, 'pct_normal': 75.0, 'pct_riesgo': 25.0}}, 'Gas propano': {'n': 1503, 'mean': np.float64(-0.26683246839654023), 'std': np.float64(0.8283591162792847), 'risk_classification': {'normal': 1256, 'riesgo': 247, 'pct_normal': 83.56620093147039, 'pct_riesgo': 16.43379906852961}}, 'Leña': {'n': 216, 'mean': np.float64(-0.28353379629629627), 'std': np.float64(0.8682115899626778), 'risk_classification': {'normal': 176, 'riesgo': 40, 'pct_normal': 81.48148148148148, 'pct_riesgo': 18.51851851851852}}}","{'normality': False, 'homogeneity': True, 'note': 'OK'}",,1725
tipo_energia_cocina,zscore_desarrollo_motricidad_fina,ANOVA,1.918142730018337,0.1471935643538239,False,"{'Gas corriente, carbón y otros': {'n': 4, 'mean': np.float64(-0.6952499999999999), 'std': np.float64(1.2607934499089584), 'risk_classification': {'normal': 3, 'riesgo': 1, 'pct_normal': 75.0, 'pct_riesgo': 25.0}}, 'Gas propano': {'n': 1503, 'mean': np.float64(-0.07007418496340652), 'std': np.float64(0.7263207349458191), 'risk_classification': {'normal': 1378, 'riesgo': 125, 'pct_normal': 91.6833000665336, 'pct_riesgo': 8.316699933466401}}, 'Leña': {'n': 216, 'mean': np.float64(-0.12200787037037039), 'std': np.float64(0.7346316833739469), 'risk_classification': {'normal': 194, 'riesgo': 22, 'pct_normal': 89.81481481481481, 'pct_riesgo': 10.185185185185185}}}","{'normality': False, 'homogeneity': True, 'note': 'OK'}",,1725
tipo_energia_cocina,zscore_desarrollo_resolucion_problemas,ANOVA,0.548525174320477,0.5779023793039464,False,"{'Gas corriente, carbón y otros': {'n': 4, 'mean': np.float64(-0.09407499999999999), 'std': np.float64(0.34610616266303806), 'risk_classification': {'normal': 4, 'riesgo': 0, 'pct_normal': 100.0, 'pct_riesgo': 0.0}}, 'Gas propano': {'n': 1503, 'mean': np.float64(-0.062008715901530266), 'std': np.float64(0.6732443080977611), 'risk_classification': {'normal': 1399, 'riesgo': 104, 'pct_normal': 93.08050565535595, 'pct_riesgo': 6.919494344644045}}, 'Leña': {'n': 216, 'mean': np.float64(-0.11384444444444446), 'std': np.float64(0.7425193218481453), 'risk_classification': {'normal': 192, 'riesgo': 24, 'pct_normal': 88.88888888888889, 'pct_riesgo': 11.11111111111111}}}","{'normality': False, 'homogeneity': True, 'note': 'OK'}",,1725
tipo_energia_cocina,zscore_desarrollo_socio_individual,ANOVA,0.01447896512709489,0.9856254711489124,False,"{'Gas corriente, carbón y otros': {'n': 4, 'mean': np.float64(0.009549999999999996), 'std': np.float64(0.24154514415874037), 'risk_classification': {'normal': 4, 'riesgo': 0, 'pct_normal': 100.0, 'pct_riesgo': 0.0}}, 'Gas propano': {'n': 1503, 'mean': np.float64(0.03349673985362609), 'std': np.float64(0.7183569324735254), 'risk_classification': {'normal': 1400, 'riesgo': 103, 'pct_normal': 93.14703925482368, 'pct_riesgo': 6.852960745176315}}, 'Leña': {'n': 216, 'mean': np.float64(0.025233796296296303), 'std': np.float64(0.731436037621587), 'risk_classification': {'normal': 194, 'riesgo': 22, 'pct_normal': 89.81481481481481, 'pct_riesgo': 10.185185185185185}}}","{'normality': False, 'homogeneity': True, 'note': 'OK'}",,1725
propiedad_vivienda,zscore_desarrollo_comunicacion,Welch's ANOVA,0.3073615379662901,0.5794614106273287,False,"{'Alquilada': {'n': 471, 'mean': np.float64(0.12666985138004244), 'std': np.float64(0.7332744782776652), 'risk_classification': {'normal': 438, 'riesgo': 33, 'pct_normal': 92.99363057324841, 'pct_riesgo': 7.006369426751593}}, 'Propia': {'n': 1254, 'mean': np.float64(0.10516674641148326), 'std': np.float64(0.6744711304989685), 'risk_classification': {'normal': 1190, 'riesgo': 64, 'pct_normal': 94.896331738437, 'pct_riesgo': 5.103668261562999}}}","{'normality': False, 'homogeneity': False, 'note': 'OK'}",,1725
propiedad_vivienda,zscore_desarrollo_motricidad_gruesa,ANOVA,3.4144508415177843,0.06479920459102209,False,"{'Alquilada': {'n': 471, 'mean': np.float64(-0.20869639065817408), 'std': np.float64(0.8616388476838825), 'risk_classification': {'normal': 403, 'riesgo': 68, 'pct_normal': 85.56263269639066, 'pct_riesgo': 14.437367303609342}}, 'Propia': {'n': 1254, 'mean': np.float64(-0.2917640350877193), 'std': np.float64(0.8203735719951483), 'risk_classification': {'normal': 1034, 'riesgo': 220, 'pct_normal': 82.45614035087719, 'pct_riesgo': 17.543859649122805}}}","{'normality': False, 'homogeneity': True, 'note': 'OK'}",,1725
propiedad_vivienda,zscore_desarrollo_motricidad_fina,ANOVA,0.741083839560268,0.3894336821114929,False,"{'Alquilada': {'n': 471, 'mean': np.float64(-0.10193609341825902), 'std': np.float64(0.7384485741417206), 'risk_classification': {'normal': 426, 'riesgo': 45, 'pct_normal': 90.44585987261146, 'pct_riesgo': 9.554140127388536}}, 'Propia': {'n': 1254, 'mean': np.float64(-0.06801842105263158), 'std': np.float64(0.7254925637574909), 'risk_classification': {'normal': 1151, 'riesgo': 103, 'pct_normal': 91.78628389154704, 'pct_riesgo': 8.213716108452951}}}","{'normality': False, 'homogeneity': True, 'note': 'OK'}",,1725
propiedad_vivienda,zscore_desarrollo_resolucion_problemas,ANOVA,0.36487517402085673,0.5458905979889845,False,"{'Alquilada': {'n': 471, 'mean': np.float64(-0.0840471337579618), 'std': np.float64(0.6809493716201317), 'risk_classification': {'normal': 437, 'riesgo': 34, 'pct_normal': 92.78131634819533, 'pct_riesgo': 7.218683651804671}}, 'Propia': {'n': 1254, 'mean': np.float64(-0.06178907496012759), 'std': np.float64(0.6821680011814212), 'risk_classification': {'normal': 1160, 'riesgo': 94, 'pct_normal': 92.50398724082935, 'pct_riesgo': 7.496012759170653}}}","{'normality': False, 'homogeneity': True, 'note': 'OK'}",,1725
propiedad_vivienda,zscore_desarrollo_socio_individual,ANOVA,1.993730389120431,0.15813195129556695,False,"{'Alquilada': {'n': 471, 'mean': np.float64(0.073411889596603), 'std': np.float64(0.7504149240812503), 'risk_classification': {'normal': 437, 'riesgo': 34, 'pct_normal': 92.78131634819533, 'pct_riesgo': 7.218683651804671}}, 'Propia': {'n': 1254, 'mean': np.float64(0.018532854864433814), 'std': np.float64(0.7071087859958647), 'risk_classification': {'normal': 1163, 'riesgo': 91, 'pct_normal': 92.74322169059012, 'pct_riesgo': 7.256778309409888}}}","{'normality': False, 'homogeneity': True, 'note': 'OK'}",,1725
sexo_jefe_hogar,zscore_desarrollo_comunicacion,ANOVA,1.5410065068361107,0.21463702092109643,False,"{'Hombre': {'n': 1331, 'mean': np.float64(0.1222710743801653), 'std': np.float64(0.6968730774376467), 'risk_classification': {'normal': 1252, 'riesgo': 79, 'pct_normal': 94.06461307287753, 'pct_riesgo': 5.935386927122464}}, 'Mujer': {'n': 394, 'mean': np.float64(0.07309086294416245), 'std': np.float64(0.6696837474477718), 'risk_classification': {'normal': 376, 'riesgo': 18, 'pct_normal': 95.43147208121827, 'pct_riesgo': 4.568527918781726}}}","{'normality': False, 'homogeneity': True, 'note': 'OK'}",,1725
sexo_jefe_hogar,zscore_desarrollo_motricidad_gruesa,ANOVA,2.542326161565434,0.11101479826795947,False,"{'Hombre': {'n': 1331, 'mean': np.float64(-0.2517039068369647), 'std': np.float64(0.8210970387551001), 'risk_classification': {'normal': 1116, 'riesgo': 215, 'pct_normal': 83.84673178061608, 'pct_riesgo': 16.15326821938392}}, 'Mujer': {'n': 394, 'mean': np.float64(-0.3277923857868021), 'std': np.float64(0.8680639374693269), 'risk_classification': {'normal': 321, 'riesgo': 73, 'pct_normal': 81.47208121827411, 'pct_riesgo': 18.527918781725887}}}","{'normality': False, 'homogeneity': True, 'note': 'OK'}",,1725
sexo_jefe_hogar,zscore_desarrollo_motricidad_fina,ANOVA,7.993544338084977,0.004748684423638382,True,"{'Hombre': {'n': 1331, 'mean': np.float64(-0.05033433508640119), 'std': np.float64(0.7273134729644116), 'risk_classification': {'normal': 1224, 'riesgo': 107, 'pct_normal': 91.96093163035312, 'pct_riesgo': 8.039068369646882}}, 'Mujer': {'n': 394, 'mean': np.float64(-0.1683045685279188), 'std': np.float64(0.7282214105113685), 'risk_classification': {'normal': 353, 'riesgo': 41, 'pct_normal': 89.59390862944161, 'pct_riesgo': 10.406091370558377}}}","{'normality': False, 'homogeneity': True, 'note': 'OK'}",Grupo más afectado: Mujer,1725
sexo_jefe_hogar,zscore_desarrollo_resolucion_problemas,ANOVA,8.121120955021683,0.004427277832273688,True,"{'Hombre': {'n': 1331, 'mean': np.float64(-0.04246979714500376), 'std': np.float64(0.6882940270178546), 'risk_classification': {'normal': 1234, 'riesgo': 97, 'pct_normal': 92.7122464312547, 'pct_riesgo': 7.2877535687453046}}, 'Mujer': {'n': 394, 'mean': np.float64(-0.15366091370558377), 'std': np.float64(0.6525505017221968), 'risk_classification': {'normal': 363, 'riesgo': 31, 'pct_normal': 92.13197969543148, 'pct_riesgo': 7.868020304568528}}}","{'normality': False, 'homogeneity': True, 'note': 'OK'}",Grupo más afectado: Mujer,1725
sexo_jefe_hogar,zscore_desarrollo_socio_individual,ANOVA,1.4565679744597946,0.22764264753634797,False,"{'Hombre': {'n': 1331, 'mean': np.float64(0.044889181066867005), 'std': np.float64(0.7137416531433028), 'risk_classification': {'normal': 1233, 'riesgo': 98, 'pct_normal': 92.63711495116453, 'pct_riesgo': 7.362885048835461}}, 'Mujer': {'n': 394, 'mean': np.float64(-0.004899238578680207), 'std': np.float64(0.7377681867487603), 'risk_classification': {'normal': 367, 'riesgo': 27, 'pct_normal': 93.1472081218274, 'pct_riesgo': 6.852791878172589}}}","{'normality': False, 'homogeneity': True, 'note': 'OK'}",,1725
situacion_laboral_madre,zscore_desarrollo_comunicacion,ANOVA,6.956528539299779,0.008426819168117319,True,"{'No trabaja': {'n': 868, 'mean': np.float64(0.15408110599078342), 'std': np.float64(0.7023287657432742), 'risk_classification': {'normal': 825, 'riesgo': 43, 'pct_normal': 95.04608294930875, 'pct_riesgo': 4.953917050691245}}, 'Trabaja': {'n': 850, 'mean': np.float64(0.06634811764705885), 'std': np.float64(0.6757885033257909), 'risk_classification': {'normal': 797, 'riesgo': 53, 'pct_normal': 93.76470588235294, 'pct_riesgo': 6.235294117647059}}}","{'normality': False, 'homogeneity': True, 'note': 'OK'}",Grupo más afectado: Trabaja,1718
situacion_laboral_madre,zscore_desarrollo_motricidad_gruesa,ANOVA,9.11057777426594,0.002578791138063417,True,"{'No trabaja': {'n': 868, 'mean': np.float64(-0.21058087557603683), 'std': np.float64(0.8329818378815497), 'risk_classification': {'normal': 730, 'riesgo': 138, 'pct_normal': 84.10138248847926, 'pct_riesgo': 15.898617511520738}}, 'Trabaja': {'n': 850, 'mean': np.float64(-0.33161858823529416), 'std': np.float64(0.8289885839266365), 'risk_classification': {'normal': 700, 'riesgo': 150, 'pct_normal': 82.35294117647058, 'pct_riesgo': 17.647058823529413}}}","{'normality': False, 'homogeneity': True, 'note': 'OK'}",Grupo más afectado: Trabaja,1718
situacion_laboral_madre,zscore_desarrollo_motricidad_fina,ANOVA,5.553641387197051,0.01855412333805416,True,"{'No trabaja': {'n': 868, 'mean': np.float64(-0.03651947004608295), 'std': np.float64(0.741887291203999), 'risk_classification': {'normal': 799, 'riesgo': 69, 'pct_normal': 92.05069124423963, 'pct_riesgo': 7.949308755760369}}, 'Trabaja': {'n': 850, 'mean': np.float64(-0.11931823529411766), 'std': np.float64(0.7137513287071874), 'risk_classification': {'normal': 772, 'riesgo': 78, 'pct_normal': 90.8235294117647, 'pct_riesgo': 9.176470588235293}}}","{'normality': False, 'homogeneity': True, 'note': 'OK'}",Grupo más afectado: Trabaja,1718
situacion_laboral_madre,zscore_desarrollo_resolucion_problemas,ANOVA,9.285329412645241,0.002345199651219971,True,"{'No trabaja': {'n': 868, 'mean': np.float64(-0.017391820276497705), 'std': np.float64(0.7069986496301958), 'risk_classification': {'normal': 807, 'riesgo': 61, 'pct_normal': 92.97235023041475, 'pct_riesgo': 7.027649769585254}}, 'Trabaja': {'n': 850, 'mean': np.float64(-0.11723035294117648), 'std': np.float64(0.6491213587025048), 'risk_classification': {'normal': 785, 'riesgo': 65, 'pct_normal': 92.3529411764706, 'pct_riesgo': 7.647058823529412}}}","{'normality': False, 'homogeneity': True, 'note': 'OK'}",Grupo más afectado: Trabaja,1718
situacion_laboral_madre,zscore_desarrollo_socio_individual,ANOVA,12.377196537355212,0.0004459317756061721,True,"{'No trabaja': {'n': 868, 'mean': np.float64(0.09368698156682027), 'std': np.float64(0.7309916032624754), 'risk_classification': {'normal': 811, 'riesgo': 57, 'pct_normal': 93.4331797235023, 'pct_riesgo': 6.566820276497695}}, 'Trabaja': {'n': 850, 'mean': np.float64(-0.02801164705882352), 'std': np.float64(0.702128296051546), 'risk_classification': {'normal': 783, 'riesgo': 67, 'pct_normal': 92.11764705882352, 'pct_riesgo': 7.882352941176471}}}","{'normality': False, 'homogeneity': True, 'note': 'OK'}",Grupo más afectado: Trabaja,1718
situacion_laboral_padre,zscore_desarrollo_comunicacion,ANOVA,2.693096754633342,0.10097162274504701,False,"{'No trabaja': {'n': 156, 'mean': np.float64(0.02090576923076923), 'std': np.float64(0.6495863500910143), 'risk_classification': {'normal': 145, 'riesgo': 11, 'pct_normal': 92.94871794871796, 'pct_riesgo': 7.051282051282051}}, 'Trabaja': {'n': 1520, 'mean': np.float64(0.11538098684210527), 'std': np.float64(0.6882491644195723), 'risk_classification': {'normal': 1440, 'riesgo': 80, 'pct_normal': 94.73684210526315, 'pct_riesgo': 5.263157894736842}}}","{'normality': False, 'homogeneity': True, 'note': 'OK'}",,1676
situacion_laboral_padre,zscore_desarrollo_motricidad_gruesa,ANOVA,6.873198158665181,0.008829077604167655,True,"{'No trabaja': {'n': 156, 'mean': np.float64(-0.4393141025641026), 'std': np.float64(0.8025757902065331), 'risk_classification': {'normal': 117, 'riesgo': 39, 'pct_normal': 75.0, 'pct_riesgo': 25.0}}, 'Trabaja': {'n': 1520, 'mean': np.float64(-0.25700914473684205), 'std': np.float64(0.8295786823240356), 'risk_classification': {'normal': 1280, 'riesgo': 240, 'pct_normal': 84.21052631578947, 'pct_riesgo': 15.789473684210526}}}","{'normality': False, 'homogeneity': True, 'note': 'OK'}",Grupo más afectado: No trabaja,1676
situacion_laboral_padre,zscore_desarrollo_motricidad_fina,ANOVA,0.011026864714836564,0.9163813432382912,False,"{'No trabaja': {'n': 156, 'mean': np.float64(-0.061250641025641026), 'std': np.float64(0.6172381029043863), 'risk_classification': {'normal': 146, 'riesgo': 10, 'pct_normal': 93.58974358974359, 'pct_riesgo': 6.41025641025641}}, 'Trabaja': {'n': 1520, 'mean': np.float64(-0.06759342105263158), 'std': np.float64(0.7279944747971838), 'risk_classification': {'normal': 1392, 'riesgo': 128, 'pct_normal': 91.57894736842105, 'pct_riesgo': 8.421052631578947}}}","{'normality': False, 'homogeneity': True, 'note': 'OK'}",,1676
situacion_laboral_padre,zscore_desarrollo_resolucion_problemas,ANOVA,5.656640270214504,0.017501038212316206,True,"{'No trabaja': {'n': 156, 'mean': np.float64(-0.18079871794871794), 'std': np.float64(0.5820351747476324), 'risk_classification': {'normal': 144, 'riesgo': 12, 'pct_normal': 92.3076923076923, 'pct_riesgo': 7.6923076923076925}}, 'Trabaja': {'n': 1520, 'mean': np.float64(-0.045964276315789476), 'std': np.float64(0.6830405146894131), 'risk_classification': {'normal': 1418, 'riesgo': 102, 'pct_normal': 93.28947368421052, 'pct_riesgo': 6.7105263157894735}}}","{'normality': False, 'homogeneity': True, 'note': 'OK'}",Grupo más afectado: No trabaja,1676
situacion_laboral_padre,zscore_desarrollo_socio_individual,ANOVA,8.924909809044275,0.0028539791238201416,True,"{'No trabaja': {'n': 156, 'mean': np.float64(-0.13491730769230773), 'std': np.float64(0.694734471361909), 'risk_classification': {'normal': 140, 'riesgo': 16, 'pct_normal': 89.74358974358975, 'pct_riesgo': 10.256410256410255}}, 'Trabaja': {'n': 1520, 'mean': np.float64(0.04515842105263157), 'std': np.float64(0.7191991275375894), 'risk_classification': {'normal': 1414, 'riesgo': 106, 'pct_normal': 93.02631578947368, 'pct_riesgo': 6.973684210526315}}}","{'normality': False, 'homogeneity': True, 'note': 'OK'}",Grupo más afectado: No trabaja,1676
tipo_empleo_madre,zscore_desarrollo_comunicacion,ANOVA,0.8207538073688099,0.36521719713928125,False,"{'Formal': {'n': 504, 'mean': np.float64(0.08374920634920634), 'std': np.float64(0.6588738101436464), 'risk_classification': {'normal': 479, 'riesgo': 25, 'pct_normal': 95.03968253968253, 'pct_riesgo': 4.9603174603174605}}, 'Informal': {'n': 346, 'mean': np.float64(0.04100086705202313), 'std': np.float64(0.6998867272942989), 'risk_classification': {'normal': 318, 'riesgo': 28, 'pct_normal': 91.90751445086705, 'pct_riesgo': 8.092485549132949}}}","{'normality': False, 'homogeneity': True, 'note': 'OK'}",,850
tipo_empleo_madre,zscore_desarrollo_motricidad_gruesa,ANOVA,1.5260864794073177,0.21704288217059292,False,"{'Formal': {'n': 504, 'mean': np.float64(-0.36071349206349207), 'std': np.float64(0.8724830534885817), 'risk_classification': {'normal': 407, 'riesgo': 97, 'pct_normal': 80.75396825396825, 'pct_riesgo': 19.246031746031747}}, 'Informal': {'n': 346, 'mean': np.float64(-0.2892375722543353), 'std': np.float64(0.7604468731437384), 'risk_classification': {'normal': 293, 'riesgo': 53, 'pct_normal': 84.6820809248555, 'pct_riesgo': 15.31791907514451}}}","{'normality': False, 'homogeneity': True, 'note': 'OK'}",,850
tipo_empleo_madre,zscore_desarrollo_motricidad_fina,ANOVA,0.6042975870391086,0.43715978817004886,False,"{'Formal': {'n': 504, 'mean': np.float64(-0.10354623015873017), 'std': np.float64(0.7000412424556439), 'risk_classification': {'normal': 457, 'riesgo': 47, 'pct_normal': 90.67460317460318, 'pct_riesgo': 9.325396825396826}}, 'Informal': {'n': 346, 'mean': np.float64(-0.14229248554913293), 'std': np.float64(0.7336791011604469), 'risk_classification': {'normal': 315, 'riesgo': 31, 'pct_normal': 91.04046242774567, 'pct_riesgo': 8.959537572254336}}}","{'normality': False, 'homogeneity': True, 'note': 'OK'}",,850
tipo_empleo_madre,zscore_desarrollo_resolucion_problemas,ANOVA,0.24498773015336622,0.6207549122627405,False,"{'Formal': {'n': 504, 'mean': np.float64(-0.1080954365079365), 'std': np.float64(0.6632764810073272), 'risk_classification': {'normal': 464, 'riesgo': 40, 'pct_normal': 92.06349206349206, 'pct_riesgo': 7.936507936507936}}, 'Informal': {'n': 346, 'mean': np.float64(-0.13053670520231211), 'std': np.float64(0.6286457201019078), 'risk_classification': {'normal': 321, 'riesgo': 25, 'pct_normal': 92.77456647398844, 'pct_riesgo': 7.225433526011561}}}","{'normality': False, 'homogeneity': True, 'note': 'OK'}",,850
tipo_empleo_madre,zscore_desarrollo_socio_individual,ANOVA,3.243563687322765,0.07205968785565559,False,"{'Formal': {'n': 504, 'mean': np.float64(-0.0639011904761905), 'std': np.float64(0.7247656912652257), 'risk_classification': {'normal': 459, 'riesgo': 45, 'pct_normal': 91.07142857142857, 'pct_riesgo': 8.928571428571429}}, 'Informal': {'n': 346, 'mean': np.float64(0.024266763005780352), 'std': np.float64(0.665354254095384), 'risk_classification': {'normal': 324, 'riesgo': 22, 'pct_normal': 93.64161849710982, 'pct_riesgo': 6.358381502890173}}}","{'normality': False, 'homogeneity': True, 'note': 'OK'}",,850
tipo_empleo_padre,zscore_desarrollo_comunicacion,ANOVA,0.5552747077348981,0.4562857798679181,False,"{'Formal': {'n': 1056, 'mean': np.float64(0.10665994318181819), 'std': np.float64(0.6927002757706238), 'risk_classification': {'normal': 998, 'riesgo': 58, 'pct_normal': 94.50757575757575, 'pct_riesgo': 5.492424242424242}}, 'Informal': {'n': 464, 'mean': np.float64(0.13522887931034483), 'std': np.float64(0.6783329718968821), 'risk_classification': {'normal': 442, 'riesgo': 22, 'pct_normal': 95.25862068965517, 'pct_riesgo': 4.741379310344827}}}","{'normality': False, 'homogeneity': True, 'note': 'OK'}",,1520
tipo_empleo_padre,zscore_desarrollo_motricidad_gruesa,ANOVA,0.2080380723194575,0.6483747521618649,False,"{'Formal': {'n': 1056, 'mean': np.float64(-0.2634441287878788), 'std': np.float64(0.8413839577864985), 'risk_classification': {'normal': 891, 'riesgo': 165, 'pct_normal': 84.375, 'pct_riesgo': 15.625}}, 'Informal': {'n': 464, 'mean': np.float64(-0.24236400862068963), 'std': np.float64(0.8027635934263365), 'risk_classification': {'normal': 389, 'riesgo': 75, 'pct_normal': 83.83620689655173, 'pct_riesgo': 16.163793103448278}}}","{'normality': False, 'homogeneity': True, 'note': 'OK'}",,1520
tipo_empleo_padre,zscore_desarrollo_motricidad_fina,ANOVA,0.4002234345997477,0.5270691679005852,False,"{'Formal': {'n': 1056, 'mean': np.float64(-0.07542537878787879), 'std': np.float64(0.7235166753351356), 'risk_classification': {'normal': 967, 'riesgo': 89, 'pct_normal': 91.5719696969697, 'pct_riesgo': 8.428030303030303}}, 'Informal': {'n': 464, 'mean': np.float64(-0.049768965517241394), 'std': np.float64(0.7385610070613066), 'risk_classification': {'normal': 425, 'riesgo': 39, 'pct_normal': 91.59482758620689, 'pct_riesgo': 8.405172413793103}}}","{'normality': False, 'homogeneity': True, 'note': 'OK'}",,1520
tipo_empleo_padre,zscore_desarrollo_resolucion_problemas,ANOVA,0.36299598885762274,0.5469370171555599,False,"{'Formal': {'n': 1056, 'mean': np.float64(-0.052962594696969706), 'std': np.float64(0.67508969693835), 'risk_classification': {'normal': 987, 'riesgo': 69, 'pct_normal': 93.4659090909091, 'pct_riesgo': 6.534090909090909}}, 'Informal': {'n': 464, 'mean': np.float64(-0.03003706896551725), 'std': np.float64(0.7012782227834783), 'risk_classification': {'normal': 431, 'riesgo': 33, 'pct_normal': 92.88793103448276, 'pct_riesgo': 7.112068965517242}}}","{'normality': False, 'homogeneity': True, 'note': 'OK'}",,1520
tipo_empleo_padre,zscore_desarrollo_socio_individual,ANOVA,0.40176158094496295,0.5262763963390542,False,"{'Formal': {'n': 1056, 'mean': np.float64(0.052910606060606054), 'std': np.float64(0.7122380756721504), 'risk_classification': {'normal': 986, 'riesgo': 70, 'pct_normal': 93.37121212121212, 'pct_riesgo': 6.628787878787879}}, 'Informal': {'n': 464, 'mean': np.float64(0.02751551724137931), 'std': np.float64(0.7352689231193791), 'risk_classification': {'normal': 428, 'riesgo': 36, 'pct_normal': 92.24137931034483, 'pct_riesgo': 7.758620689655173}}}","{'normality': False, 'homogeneity': True, 'note': 'OK'}",,1520
seguro_social,zscore_desarrollo_comunicacion,ANOVA,3.5800735077787493,0.05864408567250137,False,"{'No': {'n': 1311, 'mean': np.float64(0.09336445461479786), 'std': np.float64(0.6914156868690052), 'risk_classification': {'normal': 1234, 'riesgo': 77, 'pct_normal': 94.12662090007628, 'pct_riesgo': 5.8733790999237225}}, 'Sí': {'n': 414, 'mean': np.float64(0.16700434782608697), 'std': np.float64(0.6869908884434314), 'risk_classification': {'normal': 394, 'riesgo': 20, 'pct_normal': 95.16908212560386, 'pct_riesgo': 4.830917874396135}}}","{'normality': False, 'homogeneity': True, 'note': 'OK'}",,1725
seguro_social,zscore_desarrollo_motricidad_gruesa,ANOVA,2.1697703895306217,0.14092989607817963,False,"{'No': {'n': 1311, 'mean': np.float64(-0.2524983981693364), 'std': np.float64(0.8030433177248101), 'risk_classification': {'normal': 1090, 'riesgo': 221, 'pct_normal': 83.14263920671243, 'pct_riesgo': 16.85736079328757}}, 'Sí': {'n': 414, 'mean': np.float64(-0.32160072463768113), 'std': np.float64(0.9183261749021256), 'risk_classification': {'normal': 347, 'riesgo': 67, 'pct_normal': 83.81642512077295, 'pct_riesgo': 16.183574879227052}}}","{'normality': False, 'homogeneity': True, 'note': 'OK'}",,1725
seguro_social,zscore_desarrollo_motricidad_fina,ANOVA,2.743437706101235,0.09783656052465059,False,"{'No': {'n': 1311, 'mean': np.float64(-0.09360831426392069), 'std': np.float64(0.7219646849535878), 'risk_classification': {'normal': 1191, 'riesgo': 120, 'pct_normal': 90.8466819221968, 'pct_riesgo': 9.153318077803203}}, 'Sí': {'n': 414, 'mean': np.float64(-0.025571256038647346), 'std': np.float64(0.7493653148686565), 'risk_classification': {'normal': 386, 'riesgo': 28, 'pct_normal': 93.23671497584542, 'pct_riesgo': 6.763285024154589}}}","{'normality': False, 'homogeneity': True, 'note': 'OK'}",,1725
seguro_social,zscore_desarrollo_resolucion_problemas,ANOVA,0.12176989455503853,0.7271654053394022,False,"{'No': {'n': 1311, 'mean': np.float64(-0.07108596491228071), 'std': np.float64(0.6665278756886628), 'risk_classification': {'normal': 1213, 'riesgo': 98, 'pct_normal': 92.52479023646072, 'pct_riesgo': 7.475209763539283}}, 'Sí': {'n': 414, 'mean': np.float64(-0.057671497584541064), 'std': np.float64(0.7284531765796195), 'risk_classification': {'normal': 384, 'riesgo': 30, 'pct_normal': 92.7536231884058, 'pct_riesgo': 7.246376811594203}}}","{'normality': False, 'homogeneity': True, 'note': 'OK'}",,1725
seguro_social,zscore_desarrollo_socio_individual,ANOVA,0.48924411854448246,0.48435909399499855,False,"{'No': {'n': 1311, 'mean': np.float64(0.040326392067124336), 'std': np.float64(0.7073906107794742), 'risk_classification': {'normal': 1216, 'riesgo': 95, 'pct_normal': 92.7536231884058, 'pct_riesgo': 7.246376811594203}}, 'Sí': {'n': 414, 'mean': np.float64(0.011954830917874389), 'std': np.float64(0.7566063384888451), 'risk_classification': {'normal': 384, 'riesgo': 30, 'pct_normal': 92.7536231884058, 'pct_riesgo': 7.246376811594203}}}","{'normality': False, 'homogeneity': True, 'note': 'OK'}",,1725
total_personas_hogar,zscore_desarrollo_comunicacion,Welch's ANOVA,7.560951652087768,3.4240636762725685e-08,True,"{3: {'n': 390, 'mean': np.float64(0.08549128205128205), 'std': np.float64(0.6596783205919537), 'risk_classification': {'normal': 372, 'riesgo': 18, 'pct_normal': 95.38461538461539, 'pct_riesgo': 4.615384615384616}}, 4: {'n': 361, 'mean': np.float64(0.1358235457063712), 'std': np.float64(0.735485084768061), 'risk_classification': {'normal': 341, 'riesgo': 20, 'pct_normal': 94.45983379501385, 'pct_riesgo': 5.540166204986149}}, 5: {'n': 327, 'mean': np.float64(0.09108654434250764), 'std': np.float64(0.7139182872009828), 'risk_classification': {'normal': 300, 'riesgo': 27, 'pct_normal': 91.74311926605505, 'pct_riesgo': 8.256880733944955}}, 6: {'n': 246, 'mean': np.float64(0.10496341463414634), 'std': np.float64(0.6708236121175336), 'risk_classification': {'normal': 234, 'riesgo': 12, 'pct_normal': 95.1219512195122, 'pct_riesgo': 4.878048780487805}}, 7: {'n': 168, 'mean': np.float64(0.1413714285714286), 'std': np.float64(0.664492827186553), 'risk_classification': {'normal': 162, 'riesgo': 6, 'pct_normal': 96.42857142857143, 'pct_riesgo': 3.571428571428571}}, 8: {'n': 101, 'mean': np.float64(0.036453465346534646), 'std': np.float64(0.6748179531643118), 'risk_classification': {'normal': 91, 'riesgo': 10, 'pct_normal': 90.0990099009901, 'pct_riesgo': 9.900990099009901}}, 9: {'n': 46, 'mean': np.float64(0.18105652173913048), 'std': np.float64(0.6080659528016034), 'risk_classification': {'normal': 45, 'riesgo': 1, 'pct_normal': 97.82608695652173, 'pct_riesgo': 2.1739130434782608}}, 10: {'n': 22, 'mean': np.float64(0.26920909090909095), 'std': np.float64(0.6658216448648713), 'risk_classification': {'normal': 22, 'riesgo': 0, 'pct_normal': 100.0, 'pct_riesgo': 0.0}}, 11: {'n': 31, 'mean': np.float64(0.17499354838709674), 'std': np.float64(0.5463036066361415), 'risk_classification': {'normal': 31, 'riesgo': 0, 'pct_normal': 100.0, 'pct_riesgo': 0.0}}, 12: {'n': 7, 'mean': np.float64(0.4192), 'std': np.float64(0.4415963579258023), 'risk_classification': {'normal': 7, 'riesgo': 0, 'pct_normal': 100.0, 'pct_riesgo': 0.0}}, 13: {'n': 11, 'mean': np.float64(-0.19774545454545447), 'std': np.float64(1.2326279758010008), 'risk_classification': {'normal': 9, 'riesgo': 2, 'pct_normal': 81.81818181818183, 'pct_riesgo': 18.181818181818183}}, 15: {'n': 5, 'mean': np.float64(0.47914), 'std': np.float64(0.41763245563533496), 'risk_classification': {'normal': 5, 'riesgo': 0, 'pct_normal': 100.0, 'pct_riesgo': 0.0}}, 16: {'n': 4, 'mean': np.float64(0.07474999999999998), 'std': np.float64(1.2869388239798607), 'risk_classification': {'normal': 3, 'riesgo': 1, 'pct_normal': 75.0, 'pct_riesgo': 25.0}}, 20: {'n': 4, 'mean': np.float64(0.5397), 'std': np.float64(0.07838660599872914), 'risk_classification': {'normal': 4, 'riesgo': 0, 'pct_normal': 100.0, 'pct_riesgo': 0.0}}}","{'normality': False, 'homogeneity': False, 'note': 'OK'}",,1725
total_personas_hogar,zscore_desarrollo_motricidad_gruesa,Welch's ANOVA,0.8427463014415871,0.6147297284838351,False,"{3: {'n': 390, 'mean': np.float64(-0.35143846153846153), 'std': np.float64(0.7973483714523917), 'risk_classification': {'normal': 315, 'riesgo': 75, 'pct_normal': 80.76923076923077, 'pct_riesgo': 19.230769230769234}}, 4: {'n': 361, 'mean': np.float64(-0.2453556786703601), 'std': np.float64(0.9413567196853857), 'risk_classification': {'normal': 303, 'riesgo': 58, 'pct_normal': 83.93351800554017, 'pct_riesgo': 16.06648199445983}}, 5: {'n': 327, 'mean': np.float64(-0.16715229357798164), 'std': np.float64(0.7758471126819982), 'risk_classification': {'normal': 278, 'riesgo': 49, 'pct_normal': 85.01529051987767, 'pct_riesgo': 14.984709480122325}}, 6: {'n': 246, 'mean': np.float64(-0.26343495934959354), 'std': np.float64(0.7031848417817544), 'risk_classification': {'normal': 212, 'riesgo': 34, 'pct_normal': 86.1788617886179, 'pct_riesgo': 13.821138211382115}}, 7: {'n': 168, 'mean': np.float64(-0.2627910714285714), 'std': np.float64(0.8201186162076447), 'risk_classification': {'normal': 137, 'riesgo': 31, 'pct_normal': 81.54761904761905, 'pct_riesgo': 18.452380952380953}}, 8: {'n': 101, 'mean': np.float64(-0.3469227722772278), 'std': np.float64(0.865912374883416), 'risk_classification': {'normal': 84, 'riesgo': 17, 'pct_normal': 83.16831683168317, 'pct_riesgo': 16.831683168316832}}, 9: {'n': 46, 'mean': np.float64(-0.3121369565217391), 'std': np.float64(0.665939048381622), 'risk_classification': {'normal': 39, 'riesgo': 7, 'pct_normal': 84.78260869565217, 'pct_riesgo': 15.217391304347828}}, 10: {'n': 22, 'mean': np.float64(-0.2140090909090909), 'std': np.float64(1.0211713740364616), 'risk_classification': {'normal': 19, 'riesgo': 3, 'pct_normal': 86.36363636363636, 'pct_riesgo': 13.636363636363635}}, 11: {'n': 31, 'mean': np.float64(-0.21936129032258062), 'std': np.float64(0.86706512891763), 'risk_classification': {'normal': 26, 'riesgo': 5, 'pct_normal': 83.87096774193549, 'pct_riesgo': 16.129032258064516}}, 12: {'n': 7, 'mean': np.float64(-0.5149), 'std': np.float64(1.1513846707334607), 'risk_classification': {'normal': 4, 'riesgo': 3, 'pct_normal': 57.14285714285714, 'pct_riesgo': 42.857142857142854}}, 13: {'n': 11, 'mean': np.float64(-0.33586363636363636), 'std': np.float64(1.800603026362406), 'risk_classification': {'normal': 9, 'riesgo': 2, 'pct_normal': 81.81818181818183, 'pct_riesgo': 18.181818181818183}}, 15: {'n': 5, 'mean': np.float64(-0.58794), 'std': np.float64(0.7753705294889663), 'risk_classification': {'normal': 4, 'riesgo': 1, 'pct_normal': 80.0, 'pct_riesgo': 20.0}}, 16: {'n': 4, 'mean': np.float64(-0.508325), 'std': np.float64(1.0586912215088968), 'risk_classification': {'normal': 2, 'riesgo': 2, 'pct_normal': 50.0, 'pct_riesgo': 50.0}}, 20: {'n': 4, 'mean': np.float64(-0.08749999999999995), 'std': np.float64(1.1833209398412026), 'risk_classification': {'normal': 3, 'riesgo': 1, 'pct_normal': 75.0, 'pct_riesgo': 25.0}}}","{'normality': False, 'homogeneity': False, 'note': 'OK'}",,1725
total_personas_hogar,zscore_desarrollo_motricidad_fina,Welch's ANOVA,0.6475744935790937,0.8020202154877507,False,"{3: {'n': 390, 'mean': np.float64(-0.12183871794871795), 'std': np.float64(0.6884290209437205), 'risk_classification': {'normal': 350, 'riesgo': 40, 'pct_normal': 89.74358974358975, 'pct_riesgo': 10.256410256410255}}, 4: {'n': 361, 'mean': np.float64(-0.07634819944598338), 'std': np.float64(0.7453477108432339), 'risk_classification': {'normal': 329, 'riesgo': 32, 'pct_normal': 91.13573407202216, 'pct_riesgo': 8.86426592797784}}, 5: {'n': 327, 'mean': np.float64(-0.007217125382262995), 'std': np.float64(0.7261998778499328), 'risk_classification': {'normal': 304, 'riesgo': 23, 'pct_normal': 92.96636085626912, 'pct_riesgo': 7.033639143730887}}, 6: {'n': 246, 'mean': np.float64(-0.03447357723577235), 'std': np.float64(0.648357546099914), 'risk_classification': {'normal': 234, 'riesgo': 12, 'pct_normal': 95.1219512195122, 'pct_riesgo': 4.878048780487805}}, 7: {'n': 168, 'mean': np.float64(-0.08608809523809526), 'std': np.float64(0.7451944622472814), 'risk_classification': {'normal': 155, 'riesgo': 13, 'pct_normal': 92.26190476190477, 'pct_riesgo': 7.738095238095238}}, 8: {'n': 101, 'mean': np.float64(-0.16515742574257422), 'std': np.float64(0.7897128431710522), 'risk_classification': {'normal': 89, 'riesgo': 12, 'pct_normal': 88.11881188118812, 'pct_riesgo': 11.881188118811881}}, 9: {'n': 46, 'mean': np.float64(-0.1184108695652174), 'std': np.float64(0.6332677668616126), 'risk_classification': {'normal': 42, 'riesgo': 4, 'pct_normal': 91.30434782608695, 'pct_riesgo': 8.695652173913043}}, 10: {'n': 22, 'mean': np.float64(0.02299999999999999), 'std': np.float64(0.8691536052527249), 'risk_classification': {'normal': 19, 'riesgo': 3, 'pct_normal': 86.36363636363636, 'pct_riesgo': 13.636363636363635}}, 11: {'n': 31, 'mean': np.float64(-0.07355806451612905), 'std': np.float64(0.7673374480518956), 'risk_classification': {'normal': 27, 'riesgo': 4, 'pct_normal': 87.09677419354838, 'pct_riesgo': 12.903225806451612}}, 12: {'n': 7, 'mean': np.float64(-0.48917142857142853), 'std': np.float64(1.068575106881879), 'risk_classification': {'normal': 5, 'riesgo': 2, 'pct_normal': 71.42857142857143, 'pct_riesgo': 28.57142857142857}}, 13: {'n': 11, 'mean': np.float64(-0.4898363636363637), 'std': np.float64(1.7125688962916072), 'risk_classification': {'normal': 9, 'riesgo': 2, 'pct_normal': 81.81818181818183, 'pct_riesgo': 18.181818181818183}}, 15: {'n': 5, 'mean': np.float64(-0.19340000000000002), 'std': np.float64(0.6037608798191549), 'risk_classification': {'normal': 5, 'riesgo': 0, 'pct_normal': 100.0, 'pct_riesgo': 0.0}}, 16: {'n': 4, 'mean': np.float64(0.020125000000000004), 'std': np.float64(0.6931098103234917), 'risk_classification': {'normal': 4, 'riesgo': 0, 'pct_normal': 100.0, 'pct_riesgo': 0.0}}, 20: {'n': 4, 'mean': np.float64(-0.29925), 'std': np.float64(0.7758317450753525), 'risk_classification': {'normal': 3, 'riesgo': 1, 'pct_normal': 75.0, 'pct_riesgo': 25.0}}}","{'normality': False, 'homogeneity': False, 'note': 'OK'}",,1725
total_personas_hogar,zscore_desarrollo_resolucion_problemas,Welch's ANOVA,1.6011602762812702,0.1163249133578802,False,"{3: {'n': 390, 'mean': np.float64(-0.08533692307692309), 'std': np.float64(0.6696949525578871), 'risk_classification': {'normal': 364, 'riesgo': 26, 'pct_normal': 93.33333333333333, 'pct_riesgo': 6.666666666666667}}, 4: {'n': 361, 'mean': np.float64(-0.0012481994459833834), 'std': np.float64(0.6339828300806156), 'risk_classification': {'normal': 339, 'riesgo': 22, 'pct_normal': 93.90581717451524, 'pct_riesgo': 6.094182825484765}}, 5: {'n': 327, 'mean': np.float64(-0.02800183486238532), 'std': np.float64(0.6426938725876058), 'risk_classification': {'normal': 306, 'riesgo': 21, 'pct_normal': 93.57798165137615, 'pct_riesgo': 6.422018348623854}}, 6: {'n': 246, 'mean': np.float64(-0.09786747967479675), 'std': np.float64(0.6588650050325022), 'risk_classification': {'normal': 223, 'riesgo': 23, 'pct_normal': 90.65040650406505, 'pct_riesgo': 9.34959349593496}}, 7: {'n': 168, 'mean': np.float64(-0.10697559523809527), 'std': np.float64(0.7320842039112783), 'risk_classification': {'normal': 150, 'riesgo': 18, 'pct_normal': 89.28571428571429, 'pct_riesgo': 10.714285714285714}}, 8: {'n': 101, 'mean': np.float64(-0.2646108910891089), 'std': np.float64(0.7161811086451514), 'risk_classification': {'normal': 94, 'riesgo': 7, 'pct_normal': 93.06930693069307, 'pct_riesgo': 6.9306930693069315}}, 9: {'n': 46, 'mean': np.float64(0.06238478260869565), 'std': np.float64(0.5998856579817307), 'risk_classification': {'normal': 43, 'riesgo': 3, 'pct_normal': 93.47826086956522, 'pct_riesgo': 6.521739130434782}}, 10: {'n': 22, 'mean': np.float64(-0.017759090909090905), 'std': np.float64(0.9875491368891792), 'risk_classification': {'normal': 21, 'riesgo': 1, 'pct_normal': 95.45454545454545, 'pct_riesgo': 4.545454545454546}}, 11: {'n': 31, 'mean': np.float64(0.034725806451612926), 'std': np.float64(0.5926198247149359), 'risk_classification': {'normal': 30, 'riesgo': 1, 'pct_normal': 96.7741935483871, 'pct_riesgo': 3.225806451612903}}, 12: {'n': 7, 'mean': np.float64(-0.1338), 'std': np.float64(0.46469219202966316), 'risk_classification': {'normal': 7, 'riesgo': 0, 'pct_normal': 100.0, 'pct_riesgo': 0.0}}, 13: {'n': 11, 'mean': np.float64(-0.6596454545454545), 'std': np.float64(1.8314498526378693), 'risk_classification': {'normal': 7, 'riesgo': 4, 'pct_normal': 63.63636363636363, 'pct_riesgo': 36.36363636363637}}, 15: {'n': 5, 'mean': np.float64(0.15583999999999998), 'std': np.float64(0.4767734346626288), 'risk_classification': {'normal': 5, 'riesgo': 0, 'pct_normal': 100.0, 'pct_riesgo': 0.0}}, 16: {'n': 4, 'mean': np.float64(-0.20902500000000002), 'std': np.float64(0.7378527286435056), 'risk_classification': {'normal': 3, 'riesgo': 1, 'pct_normal': 75.0, 'pct_riesgo': 25.0}}, 20: {'n': 4, 'mean': np.float64(0.356575), 'std': np.float64(0.38513864494923555), 'risk_classification': {'normal': 4, 'riesgo': 0, 'pct_normal': 100.0, 'pct_riesgo': 0.0}}}","{'normality': False, 'homogeneity': False, 'note': 'OK'}",,1725
total_personas_hogar,zscore_desarrollo_socio_individual,ANOVA,1.345703548418408,0.17907157520112538,False,"{3: {'n': 390, 'mean': np.float64(0.01577641025641026), 'std': np.float64(0.7048122375775046), 'risk_classification': {'normal': 366, 'riesgo': 24, 'pct_normal': 93.84615384615384, 'pct_riesgo': 6.153846153846154}}, 4: {'n': 361, 'mean': np.float64(0.10140637119113574), 'std': np.float64(0.7595982448624957), 'risk_classification': {'normal': 334, 'riesgo': 27, 'pct_normal': 92.5207756232687, 'pct_riesgo': 7.479224376731302}}, 5: {'n': 327, 'mean': np.float64(0.04542324159021407), 'std': np.float64(0.7030455570490383), 'risk_classification': {'normal': 302, 'riesgo': 25, 'pct_normal': 92.35474006116208, 'pct_riesgo': 7.64525993883792}}, 6: {'n': 246, 'mean': np.float64(-0.034951626016260166), 'std': np.float64(0.7508775279205797), 'risk_classification': {'normal': 223, 'riesgo': 23, 'pct_normal': 90.65040650406505, 'pct_riesgo': 9.34959349593496}}, 7: {'n': 168, 'mean': np.float64(-0.006045833333333338), 'std': np.float64(0.6859525986882808), 'risk_classification': {'normal': 158, 'riesgo': 10, 'pct_normal': 94.04761904761905, 'pct_riesgo': 5.952380952380952}}, 8: {'n': 101, 'mean': np.float64(-0.07486336633663365), 'std': np.float64(0.6605449375663662), 'risk_classification': {'normal': 93, 'riesgo': 8, 'pct_normal': 92.07920792079209, 'pct_riesgo': 7.920792079207921}}, 9: {'n': 46, 'mean': np.float64(0.19685434782608693), 'std': np.float64(0.5787916142779318), 'risk_classification': {'normal': 45, 'riesgo': 1, 'pct_normal': 97.82608695652173, 'pct_riesgo': 2.1739130434782608}}, 10: {'n': 22, 'mean': np.float64(-0.050818181818181846), 'std': np.float64(0.8792924756580816), 'risk_classification': {'normal': 18, 'riesgo': 4, 'pct_normal': 81.81818181818183, 'pct_riesgo': 18.181818181818183}}, 11: {'n': 31, 'mean': np.float64(0.12128064516129029), 'std': np.float64(0.5250838830887593), 'risk_classification': {'normal': 30, 'riesgo': 1, 'pct_normal': 96.7741935483871, 'pct_riesgo': 3.225806451612903}}, 12: {'n': 7, 'mean': np.float64(0.35737142857142856), 'std': np.float64(0.49953854944433707), 'risk_classification': {'normal': 7, 'riesgo': 0, 'pct_normal': 100.0, 'pct_riesgo': 0.0}}, 13: {'n': 11, 'mean': np.float64(0.024909090909090933), 'std': np.float64(1.1739686907703677), 'risk_classification': {'normal': 10, 'riesgo': 1, 'pct_normal': 90.9090909090909, 'pct_riesgo': 9.090909090909092}}, 15: {'n': 5, 'mean': np.float64(0.182), 'std': np.float64(0.5447970769011156), 'risk_classification': {'normal': 5, 'riesgo': 0, 'pct_normal': 100.0, 'pct_riesgo': 0.0}}, 16: {'n': 4, 'mean': np.float64(-0.3976), 'std': np.float64(0.8451646506253481), 'risk_classification': {'normal': 3, 'riesgo': 1, 'pct_normal': 75.0, 'pct_riesgo': 25.0}}, 20: {'n': 4, 'mean': np.float64(0.6211500000000001), 'std': np.float64(0.6449399481088659), 'risk_classification': {'normal': 4, 'riesgo': 0, 'pct_normal': 100.0, 'pct_riesgo': 0.0}}}","{'normality': False, 'homogeneity': True, 'note': 'OK'}",,1725
total_hermanos,zscore_desarrollo_comunicacion,ANOVA,3.232990164914405,0.00366854859274431,True,"{0: {'n': 540, 'mean': np.float64(0.14451185185185184), 'std': np.float64(0.6869955736856866), 'risk_classification': {'normal': 517, 'riesgo': 23, 'pct_normal': 95.74074074074073, 'pct_riesgo': 4.2592592592592595}}, 1: {'n': 591, 'mean': np.float64(0.1737796954314721), 'std': np.float64(0.6859273511419798), 'risk_classification': {'normal': 560, 'riesgo': 31, 'pct_normal': 94.75465313028765, 'pct_riesgo': 5.245346869712352}}, 2: {'n': 381, 'mean': np.float64(0.025229396325459324), 'std': np.float64(0.7119212190869251), 'risk_classification': {'normal': 351, 'riesgo': 30, 'pct_normal': 92.1259842519685, 'pct_riesgo': 7.874015748031496}}, 3: {'n': 144, 'mean': np.float64(0.030347222222222216), 'std': np.float64(0.6374557205458005), 'risk_classification': {'normal': 138, 'riesgo': 6, 'pct_normal': 95.83333333333334, 'pct_riesgo': 4.166666666666666}}, 4: {'n': 47, 'mean': np.float64(-0.09485106382978724), 'std': np.float64(0.7199315658517227), 'risk_classification': {'normal': 41, 'riesgo': 6, 'pct_normal': 87.2340425531915, 'pct_riesgo': 12.76595744680851}}, 5: {'n': 17, 'mean': np.float64(-0.026276470588235293), 'std': np.float64(0.6156659489217873), 'risk_classification': {'normal': 16, 'riesgo': 1, 'pct_normal': 94.11764705882352, 'pct_riesgo': 5.88235294117647}}, 6: {'n': 3, 'mean': np.float64(0.3739666666666667), 'std': np.float64(0.6314162203597032), 'risk_classification': {'normal': 3, 'riesgo': 0, 'pct_normal': 100.0, 'pct_riesgo': 0.0}}}","{'normality': False, 'homogeneity': True, 'note': 'OK'}",Grupo más afectado: 4,1725
total_hermanos,zscore_desarrollo_motricidad_gruesa,ANOVA,1.4813561316557302,0.18070062734740414,False,"{0: {'n': 540, 'mean': np.float64(-0.2567594444444445), 'std': np.float64(0.8222169238324065), 'risk_classification': {'normal': 448, 'riesgo': 92, 'pct_normal': 82.96296296296296, 'pct_riesgo': 17.037037037037038}}, 1: {'n': 591, 'mean': np.float64(-0.21016108291032148), 'std': np.float64(0.8484688651488403), 'risk_classification': {'normal': 503, 'riesgo': 88, 'pct_normal': 85.10998307952623, 'pct_riesgo': 14.890016920473773}}, 2: {'n': 381, 'mean': np.float64(-0.3439976377952756), 'std': np.float64(0.8726994268961861), 'risk_classification': {'normal': 311, 'riesgo': 70, 'pct_normal': 81.62729658792651, 'pct_riesgo': 18.37270341207349}}, 3: {'n': 144, 'mean': np.float64(-0.35387986111111114), 'std': np.float64(0.7549638604400941), 'risk_classification': {'normal': 119, 'riesgo': 25, 'pct_normal': 82.63888888888889, 'pct_riesgo': 17.36111111111111}}, 4: {'n': 47, 'mean': np.float64(-0.3688659574468085), 'std': np.float64(0.6203923188198689), 'risk_classification': {'normal': 38, 'riesgo': 9, 'pct_normal': 80.85106382978722, 'pct_riesgo': 19.148936170212767}}, 5: {'n': 17, 'mean': np.float64(-0.15092941176470584), 'std': np.float64(0.7325747912028385), 'risk_classification': {'normal': 13, 'riesgo': 4, 'pct_normal': 76.47058823529412, 'pct_riesgo': 23.52941176470588}}, 6: {'n': 3, 'mean': np.float64(-0.05496666666666664), 'std': np.float64(0.6699412387167499), 'risk_classification': {'normal': 3, 'riesgo': 0, 'pct_normal': 100.0, 'pct_riesgo': 0.0}}}","{'normality': False, 'homogeneity': True, 'note': 'OK'}",,1725
total_hermanos,zscore_desarrollo_motricidad_fina,ANOVA,3.219462902113214,0.0037904440793704716,True,"{0: {'n': 540, 'mean': np.float64(-0.13664055555555554), 'std': np.float64(0.7085607525403218), 'risk_classification': {'normal': 483, 'riesgo': 57, 'pct_normal': 89.44444444444444, 'pct_riesgo': 10.555555555555555}}, 1: {'n': 591, 'mean': np.float64(-0.031770050761421316), 'std': np.float64(0.7688411353832826), 'risk_classification': {'normal': 541, 'riesgo': 50, 'pct_normal': 91.53976311336717, 'pct_riesgo': 8.460236886632826}}, 2: {'n': 381, 'mean': np.float64(-0.018234908136482944), 'std': np.float64(0.7301010249953549), 'risk_classification': {'normal': 356, 'riesgo': 25, 'pct_normal': 93.43832020997375, 'pct_riesgo': 6.561679790026247}}, 3: {'n': 144, 'mean': np.float64(-0.20088402777777775), 'std': np.float64(0.6609341107055627), 'risk_classification': {'normal': 133, 'riesgo': 11, 'pct_normal': 92.36111111111111, 'pct_riesgo': 7.638888888888889}}, 4: {'n': 47, 'mean': np.float64(0.06041702127659578), 'std': np.float64(0.5682197520858453), 'risk_classification': {'normal': 46, 'riesgo': 1, 'pct_normal': 97.87234042553192, 'pct_riesgo': 2.127659574468085}}, 5: {'n': 17, 'mean': np.float64(-0.4626176470588235), 'std': np.float64(0.6048329131207376), 'risk_classification': {'normal': 13, 'riesgo': 4, 'pct_normal': 76.47058823529412, 'pct_riesgo': 23.52941176470588}}, 6: {'n': 3, 'mean': np.float64(0.12849999999999998), 'std': np.float64(0.6322193369393252), 'risk_classification': {'normal': 3, 'riesgo': 0, 'pct_normal': 100.0, 'pct_riesgo': 0.0}}}","{'normality': False, 'homogeneity': True, 'note': 'OK'}",Grupo más afectado: 5,1725
total_hermanos,zscore_desarrollo_resolucion_problemas,ANOVA,1.2259653825699017,0.28980638106568546,False,"{0: {'n': 540, 'mean': np.float64(-0.061682962962962974), 'std': np.float64(0.678646276587368), 'risk_classification': {'normal': 498, 'riesgo': 42, 'pct_normal': 92.22222222222223, 'pct_riesgo': 7.777777777777778}}, 1: {'n': 591, 'mean': np.float64(-0.044715228426395935), 'std': np.float64(0.6780451562670391), 'risk_classification': {'normal': 550, 'riesgo': 41, 'pct_normal': 93.06260575296108, 'pct_riesgo': 6.937394247038917}}, 2: {'n': 381, 'mean': np.float64(-0.08073569553805773), 'std': np.float64(0.7315861964802031), 'risk_classification': {'normal': 351, 'riesgo': 30, 'pct_normal': 92.1259842519685, 'pct_riesgo': 7.874015748031496}}, 3: {'n': 144, 'mean': np.float64(-0.11705624999999999), 'std': np.float64(0.613865228223755), 'risk_classification': {'normal': 132, 'riesgo': 12, 'pct_normal': 91.66666666666666, 'pct_riesgo': 8.333333333333332}}, 4: {'n': 47, 'mean': np.float64(-0.048534042553191506), 'std': np.float64(0.5577778478135927), 'risk_classification': {'normal': 47, 'riesgo': 0, 'pct_normal': 100.0, 'pct_riesgo': 0.0}}, 5: {'n': 17, 'mean': np.float64(-0.4609764705882353), 'std': np.float64(0.560311567934988), 'risk_classification': {'normal': 14, 'riesgo': 3, 'pct_normal': 82.35294117647058, 'pct_riesgo': 17.647058823529413}}, 6: {'n': 3, 'mean': np.float64(-0.15483333333333335), 'std': np.float64(0.6087601689773513), 'risk_classification': {'normal': 3, 'riesgo': 0, 'pct_normal': 100.0, 'pct_riesgo': 0.0}}}","{'normality': False, 'homogeneity': True, 'note': 'OK'}",,1725
total_hermanos,zscore_desarrollo_socio_individual,ANOVA,1.7494862061478658,0.10594429742920129,False,"{0: {'n': 540, 'mean': np.float64(0.05626740740740739), 'std': np.float64(0.7305114226360875), 'risk_classification': {'normal': 499, 'riesgo': 41, 'pct_normal': 92.4074074074074, 'pct_riesgo': 7.592592592592593}}, 1: {'n': 591, 'mean': np.float64(0.07958544839255499), 'std': np.float64(0.718750481815439), 'risk_classification': {'normal': 555, 'riesgo': 36, 'pct_normal': 93.90862944162437, 'pct_riesgo': 6.091370558375635}}, 2: {'n': 381, 'mean': np.float64(-0.015278477690288717), 'std': np.float64(0.7078598924027363), 'risk_classification': {'normal': 353, 'riesgo': 28, 'pct_normal': 92.6509186351706, 'pct_riesgo': 7.349081364829396}}, 3: {'n': 144, 'mean': np.float64(-0.06089375), 'std': np.float64(0.7273041583628223), 'risk_classification': {'normal': 129, 'riesgo': 15, 'pct_normal': 89.58333333333334, 'pct_riesgo': 10.416666666666668}}, 4: {'n': 47, 'mean': np.float64(-0.00358297872340426), 'std': np.float64(0.6202416465691096), 'risk_classification': {'normal': 46, 'riesgo': 1, 'pct_normal': 97.87234042553192, 'pct_riesgo': 2.127659574468085}}, 5: {'n': 17, 'mean': np.float64(-0.27528823529411767), 'std': np.float64(0.7673675471069525), 'risk_classification': {'normal': 13, 'riesgo': 4, 'pct_normal': 76.47058823529412, 'pct_riesgo': 23.52941176470588}}, 6: {'n': 3, 'mean': np.float64(0.10053333333333332), 'std': np.float64(0.7189709961697573), 'risk_classification': {'normal': 3, 'riesgo': 0, 'pct_normal': 100.0, 'pct_riesgo': 0.0}}}","{'normality': False, 'homogeneity': True, 'note': 'OK'}",,1725
posicion_nino_hermanos,zscore_desarrollo_comunicacion,ANOVA,3.2732037234628075,0.011030523131418748,True,"{1: {'n': 694, 'mean': np.float64(0.09999351585014411), 'std': np.float64(0.7033176067473222), 'risk_classification': {'normal': 655, 'riesgo': 39, 'pct_normal': 94.38040345821325, 'pct_riesgo': 5.619596541786744}}, 2: {'n': 616, 'mean': np.float64(0.15614058441558443), 'std': np.float64(0.6587657311188618), 'risk_classification': {'normal': 588, 'riesgo': 28, 'pct_normal': 95.45454545454545, 'pct_riesgo': 4.545454545454546}}, 3: {'n': 372, 'mean': np.float64(0.06990940860215053), 'std': np.float64(0.6932628217293223), 'risk_classification': {'normal': 348, 'riesgo': 24, 'pct_normal': 93.54838709677419, 'pct_riesgo': 6.451612903225806}}, 4: {'n': 37, 'mean': np.float64(-0.1145108108108108), 'std': np.float64(0.8730169060294385), 'risk_classification': {'normal': 31, 'riesgo': 6, 'pct_normal': 83.78378378378379, 'pct_riesgo': 16.216216216216218}}, 5: {'n': 3, 'mean': np.float64(0.9998333333333335), 'std': np.float64(0.21546601433482113), 'risk_classification': {'normal': 3, 'riesgo': 0, 'pct_normal': 100.0, 'pct_riesgo': 0.0}}}","{'normality': False, 'homogeneity': True, 'note': 'OK'}",,1725
posicion_nino_hermanos,zscore_desarrollo_motricidad_gruesa,ANOVA,1.245047907148549,0.28978155413257817,False,"{1: {'n': 694, 'mean': np.float64(-0.23041412103746398), 'std': np.float64(0.8191293351352376), 'risk_classification': {'normal': 580, 'riesgo': 114, 'pct_normal': 83.5734870317003, 'pct_riesgo': 16.42651296829971}}, 2: {'n': 616, 'mean': np.float64(-0.2932349025974026), 'std': np.float64(0.8131882604853626), 'risk_classification': {'normal': 513, 'riesgo': 103, 'pct_normal': 83.27922077922078, 'pct_riesgo': 16.72077922077922}}, 3: {'n': 372, 'mean': np.float64(-0.30836693548387095), 'std': np.float64(0.8667923429386686), 'risk_classification': {'normal': 307, 'riesgo': 65, 'pct_normal': 82.52688172043011, 'pct_riesgo': 17.473118279569892}}, 4: {'n': 37, 'mean': np.float64(-0.32744864864864864), 'std': np.float64(1.021521459670607), 'risk_classification': {'normal': 31, 'riesgo': 6, 'pct_normal': 83.78378378378379, 'pct_riesgo': 16.216216216216218}}, 5: {'n': 3, 'mean': np.float64(0.4029), 'std': np.float64(0.5175009661826728), 'risk_classification': {'normal': 3, 'riesgo': 0, 'pct_normal': 100.0, 'pct_riesgo': 0.0}}}","{'normality': False, 'homogeneity': True, 'note': 'OK'}",,1725
posicion_nino_hermanos,zscore_desarrollo_motricidad_fina,ANOVA,2.8032287072092346,0.02458290794245973,True,"{1: {'n': 694, 'mean': np.float64(-0.12310821325648413), 'std': np.float64(0.7481230399410235), 'risk_classification': {'normal': 617, 'riesgo': 77, 'pct_normal': 88.9048991354467, 'pct_riesgo': 11.095100864553315}}, 2: {'n': 616, 'mean': np.float64(-0.04887727272727272), 'std': np.float64(0.7132087428409336), 'risk_classification': {'normal': 571, 'riesgo': 45, 'pct_normal': 92.6948051948052, 'pct_riesgo': 7.305194805194805}}, 3: {'n': 372, 'mean': np.float64(-0.02056962365591398), 'std': np.float64(0.7105424956927648), 'risk_classification': {'normal': 348, 'riesgo': 24, 'pct_normal': 93.54838709677419, 'pct_riesgo': 6.451612903225806}}, 4: {'n': 37, 'mean': np.float64(-0.3012432432432432), 'std': np.float64(0.7735405090809332), 'risk_classification': {'normal': 35, 'riesgo': 2, 'pct_normal': 94.5945945945946, 'pct_riesgo': 5.405405405405405}}, 5: {'n': 3, 'mean': np.float64(0.48113333333333336), 'std': np.float64(0.43239098433400913), 'risk_classification': {'normal': 3, 'riesgo': 0, 'pct_normal': 100.0, 'pct_riesgo': 0.0}}}","{'normality': False, 'homogeneity': True, 'note': 'OK'}",,1725
posicion_nino_hermanos,zscore_desarrollo_resolucion_problemas,ANOVA,0.7557269005199152,0.5541492013536244,False,"{1: {'n': 694, 'mean': np.float64(-0.0672135446685879), 'std': np.float64(0.6756966626186615), 'risk_classification': {'normal': 638, 'riesgo': 56, 'pct_normal': 91.93083573487031, 'pct_riesgo': 8.069164265129682}}, 2: {'n': 616, 'mean': np.float64(-0.05344675324675325), 'std': np.float64(0.6824768341325974), 'risk_classification': {'normal': 575, 'riesgo': 41, 'pct_normal': 93.34415584415584, 'pct_riesgo': 6.6558441558441555}}, 3: {'n': 372, 'mean': np.float64(-0.08110913978494624), 'std': np.float64(0.7010078743610796), 'risk_classification': {'normal': 346, 'riesgo': 26, 'pct_normal': 93.01075268817203, 'pct_riesgo': 6.989247311827956}}, 4: {'n': 37, 'mean': np.float64(-0.21521891891891895), 'std': np.float64(0.6246572170389123), 'risk_classification': {'normal': 32, 'riesgo': 5, 'pct_normal': 86.48648648648648, 'pct_riesgo': 13.513513513513514}}, 5: {'n': 3, 'mean': np.float64(0.3020333333333333), 'std': np.float64(0.3325318380746922), 'risk_classification': {'normal': 3, 'riesgo': 0, 'pct_normal': 100.0, 'pct_riesgo': 0.0}}}","{'normality': False, 'homogeneity': True, 'note': 'OK'}",,1725
posicion_nino_hermanos,zscore_desarrollo_socio_individual,ANOVA,0.7306869301495346,0.5709684972031135,False,"{1: {'n': 694, 'mean': np.float64(0.03486988472622479), 'std': np.float64(0.7184519368149257), 'risk_classification': {'normal': 644, 'riesgo': 50, 'pct_normal': 92.79538904899135, 'pct_riesgo': 7.204610951008646}}, 2: {'n': 616, 'mean': np.float64(0.05244220779220778), 'std': np.float64(0.7081856076382886), 'risk_classification': {'normal': 572, 'riesgo': 44, 'pct_normal': 92.85714285714286, 'pct_riesgo': 7.142857142857142}}, 3: {'n': 372, 'mean': np.float64(0.0034642473118279603), 'std': np.float64(0.731559835688574), 'risk_classification': {'normal': 345, 'riesgo': 27, 'pct_normal': 92.74193548387096, 'pct_riesgo': 7.258064516129033}}, 4: {'n': 37, 'mean': np.float64(-0.0335945945945946), 'std': np.float64(0.8437819096668766), 'risk_classification': {'normal': 33, 'riesgo': 4, 'pct_normal': 89.1891891891892, 'pct_riesgo': 10.81081081081081}}, 5: {'n': 3, 'mean': np.float64(0.5470999999999999), 'std': np.float64(0.2029638637787525), 'risk_classification': {'normal': 3, 'riesgo': 0, 'pct_normal': 100.0, 'pct_riesgo': 0.0}}}","{'normality': False, 'homogeneity': True, 'note': 'OK'}",,1725
estado_civil_cuidador,zscore_desarrollo_comunicacion,Welch's ANOVA,10.184537250617035,4.3175963210696586e-05,True,"{'Casado': {'n': 975, 'mean': np.float64(0.1043731282051282), 'std': np.float64(0.7159967279615901), 'risk_classification': {'normal': 912, 'riesgo': 63, 'pct_normal': 93.53846153846153, 'pct_riesgo': 6.461538461538462}}, 'Soltero': {'n': 313, 'mean': np.float64(-0.006999361022364221), 'std': np.float64(0.7001515109838182), 'risk_classification': {'normal': 288, 'riesgo': 25, 'pct_normal': 92.01277955271566, 'pct_riesgo': 7.987220447284344}}, 'Unido': {'n': 437, 'mean': np.float64(0.2104521739130435), 'std': np.float64(0.609341223402532), 'risk_classification': {'normal': 428, 'riesgo': 9, 'pct_normal': 97.94050343249427, 'pct_riesgo': 2.059496567505721}}}","{'normality': False, 'homogeneity': False, 'note': 'OK'}",Grupo más afectado: Soltero,1725
estado_civil_cuidador,zscore_desarrollo_motricidad_gruesa,ANOVA,5.032419508285199,0.006619273320685528,True,"{'Casado': {'n': 975, 'mean': np.float64(-0.3075211282051282), 'std': np.float64(0.8744366177868163), 'risk_classification': {'normal': 806, 'riesgo': 169, 'pct_normal': 82.66666666666667, 'pct_riesgo': 17.333333333333336}}, 'Soltero': {'n': 313, 'mean': np.float64(-0.3012980830670926), 'std': np.float64(0.7399069504450045), 'risk_classification': {'normal': 254, 'riesgo': 59, 'pct_normal': 81.15015974440894, 'pct_riesgo': 18.849840255591054}}, 'Unido': {'n': 437, 'mean': np.float64(-0.1602487414187643), 'std': np.float64(0.7899557834156623), 'risk_classification': {'normal': 377, 'riesgo': 60, 'pct_normal': 86.2700228832952, 'pct_riesgo': 13.729977116704806}}}","{'normality': False, 'homogeneity': True, 'note': 'OK'}",Grupo más afectado: Casado,1725
estado_civil_cuidador,zscore_desarrollo_motricidad_fina,ANOVA,1.5994150033363859,0.20231461687073088,False,"{'Casado': {'n': 975, 'mean': np.float64(-0.05445394871794872), 'std': np.float64(0.7361064357871672), 'risk_classification': {'normal': 894, 'riesgo': 81, 'pct_normal': 91.6923076923077, 'pct_riesgo': 8.307692307692308}}, 'Soltero': {'n': 313, 'mean': np.float64(-0.13837603833865816), 'std': np.float64(0.7259550337276486), 'risk_classification': {'normal': 283, 'riesgo': 30, 'pct_normal': 90.41533546325878, 'pct_riesgo': 9.584664536741213}}, 'Unido': {'n': 437, 'mean': np.float64(-0.08444553775743707), 'std': np.float64(0.7140473831125028), 'risk_classification': {'normal': 400, 'riesgo': 37, 'pct_normal': 91.53318077803205, 'pct_riesgo': 8.466819221967963}}}","{'normality': False, 'homogeneity': True, 'note': 'OK'}",,1725
estado_civil_cuidador,zscore_desarrollo_resolucion_problemas,Welch's ANOVA,6.122602937020161,0.0023003063376816533,True,"{'Casado': {'n': 975, 'mean': np.float64(-0.049217641025641044), 'std': np.float64(0.7211552935173853), 'risk_classification': {'normal': 903, 'riesgo': 72, 'pct_normal': 92.61538461538461, 'pct_riesgo': 7.384615384615385}}, 'Soltero': {'n': 313, 'mean': np.float64(-0.18394376996805112), 'std': np.float64(0.6691340959048556), 'risk_classification': {'normal': 278, 'riesgo': 35, 'pct_normal': 88.81789137380191, 'pct_riesgo': 11.182108626198083}}, 'Unido': {'n': 437, 'mean': np.float64(-0.02633432494279176), 'std': np.float64(0.5858498237781854), 'risk_classification': {'normal': 416, 'riesgo': 21, 'pct_normal': 95.19450800915332, 'pct_riesgo': 4.805491990846682}}}","{'normality': False, 'homogeneity': False, 'note': 'OK'}",Grupo más afectado: Soltero,1725
estado_civil_cuidador,zscore_desarrollo_socio_individual,ANOVA,3.884432025758622,0.020739899642765555,True,"{'Casado': {'n': 975, 'mean': np.float64(0.028218461538461526), 'std': np.float64(0.7374949228431317), 'risk_classification': {'normal': 902, 'riesgo': 73, 'pct_normal': 92.51282051282051, 'pct_riesgo': 7.487179487179488}}, 'Soltero': {'n': 313, 'mean': np.float64(-0.045281469648562306), 'std': np.float64(0.6846324912337723), 'risk_classification': {'normal': 286, 'riesgo': 27, 'pct_normal': 91.3738019169329, 'pct_riesgo': 8.626198083067091}}, 'Unido': {'n': 437, 'mean': np.float64(0.1017787185354691), 'std': np.float64(0.6976314475332551), 'risk_classification': {'normal': 412, 'riesgo': 25, 'pct_normal': 94.27917620137299, 'pct_riesgo': 5.720823798627003}}}","{'normality': False, 'homogeneity': True, 'note': 'OK'}",Grupo más afectado: Soltero,1725
horas_pantalla,zscore_desarrollo_comunicacion,Welch's ANOVA,2.5391132284400233,0.018629532265040428,True,"{0.0: {'n': 661, 'mean': np.float64(0.17229183055975797), 'std': np.float64(0.702611427780897), 'risk_classification': {'normal': 629, 'riesgo': 32, 'pct_normal': 95.15885022692889, 'pct_riesgo': 4.841149773071105}}, 0.5: {'n': 26, 'mean': np.float64(0.040819230769230774), 'std': np.float64(0.8781765535559376), 'risk_classification': {'normal': 22, 'riesgo': 4, 'pct_normal': 84.61538461538461, 'pct_riesgo': 15.384615384615385}}, 1.0: {'n': 578, 'mean': np.float64(0.10720069204152248), 'std': np.float64(0.707059867347444), 'risk_classification': {'normal': 541, 'riesgo': 37, 'pct_normal': 93.59861591695503, 'pct_riesgo': 6.401384083044983}}, 2.0: {'n': 266, 'mean': np.float64(0.08153872180451129), 'std': np.float64(0.6123012400529951), 'risk_classification': {'normal': 252, 'riesgo': 14, 'pct_normal': 94.73684210526315, 'pct_riesgo': 5.263157894736842}}, 3.0: {'n': 106, 'mean': np.float64(0.0034207547169811453), 'std': np.float64(0.6729190114316073), 'risk_classification': {'normal': 100, 'riesgo': 6, 'pct_normal': 94.33962264150944, 'pct_riesgo': 5.660377358490567}}, 4.0: {'n': 45, 'mean': np.float64(-0.21760222222222222), 'std': np.float64(0.6841773203466829), 'risk_classification': {'normal': 42, 'riesgo': 3, 'pct_normal': 93.33333333333333, 'pct_riesgo': 6.666666666666667}}, 5.0: {'n': 24, 'mean': np.float64(0.159475), 'std': np.float64(0.5043697593337995), 'risk_classification': {'normal': 24, 'riesgo': 0, 'pct_normal': 100.0, 'pct_riesgo': 0.0}}, 6.0: {'n': 9, 'mean': np.float64(-0.17737777777777777), 'std': np.float64(0.5440403725317124), 'risk_classification': {'normal': 8, 'riesgo': 1, 'pct_normal': 88.88888888888889, 'pct_riesgo': 11.11111111111111}}, 7.0: {'n': 6, 'mean': np.float64(-0.016383333333333305), 'std': np.float64(0.6774552012248977), 'risk_classification': {'normal': 6, 'riesgo': 0, 'pct_normal': 100.0, 'pct_riesgo': 0.0}}}","{'normality': False, 'homogeneity': False, 'note': 'OK'}",Grupo más afectado: 4.0,1725
horas_pantalla,zscore_desarrollo_motricidad_gruesa,ANOVA,2.0297439407509064,0.0397438480119521,True,"{0.0: {'n': 661, 'mean': np.float64(-0.31201391830559755), 'std': np.float64(0.8491499143367491), 'risk_classification': {'normal': 542, 'riesgo': 119, 'pct_normal': 81.99697428139183, 'pct_riesgo': 18.00302571860817}}, 0.5: {'n': 26, 'mean': np.float64(0.14128846153846156), 'std': np.float64(0.7246048927943686), 'risk_classification': {'normal': 24, 'riesgo': 2, 'pct_normal': 92.3076923076923, 'pct_riesgo': 7.6923076923076925}}, 1.0: {'n': 578, 'mean': np.float64(-0.23585051903114185), 'std': np.float64(0.8640824210326727), 'risk_classification': {'normal': 487, 'riesgo': 91, 'pct_normal': 84.2560553633218, 'pct_riesgo': 15.7439446366782}}, 2.0: {'n': 266, 'mean': np.float64(-0.21366616541353384), 'std': np.float64(0.745633285341656), 'risk_classification': {'normal': 229, 'riesgo': 37, 'pct_normal': 86.09022556390977, 'pct_riesgo': 13.909774436090224}}, 3.0: {'n': 106, 'mean': np.float64(-0.2418443396226415), 'std': np.float64(0.7320622466482307), 'risk_classification': {'normal': 90, 'riesgo': 16, 'pct_normal': 84.90566037735849, 'pct_riesgo': 15.09433962264151}}, 4.0: {'n': 45, 'mean': np.float64(-0.4492933333333334), 'std': np.float64(0.7395355109796958), 'risk_classification': {'normal': 31, 'riesgo': 14, 'pct_normal': 68.88888888888889, 'pct_riesgo': 31.11111111111111}}, 5.0: {'n': 24, 'mean': np.float64(-0.44971249999999996), 'std': np.float64(0.9637577759512614), 'risk_classification': {'normal': 21, 'riesgo': 3, 'pct_normal': 87.5, 'pct_riesgo': 12.5}}, 6.0: {'n': 9, 'mean': np.float64(-0.7151), 'std': np.float64(0.9577170002145727), 'risk_classification': {'normal': 4, 'riesgo': 5, 'pct_normal': 44.44444444444444, 'pct_riesgo': 55.55555555555556}}, 7.0: {'n': 6, 'mean': np.float64(-0.20843333333333333), 'std': np.float64(0.7434664179817853), 'risk_classification': {'normal': 6, 'riesgo': 0, 'pct_normal': 100.0, 'pct_riesgo': 0.0}}}","{'normality': False, 'homogeneity': True, 'note': 'OK'}",,1725
horas_pantalla,zscore_desarrollo_motricidad_fina,ANOVA,2.5957105947831285,0.008057170360023081,True,"{0.0: {'n': 661, 'mean': np.float64(-0.09202284417549168), 'std': np.float64(0.7104847854608094), 'risk_classification': {'normal': 600, 'riesgo': 61, 'pct_normal': 90.77155824508321, 'pct_riesgo': 9.228441754916792}}, 0.5: {'n': 26, 'mean': np.float64(0.29980769230769233), 'std': np.float64(0.8983087945347422), 'risk_classification': {'normal': 23, 'riesgo': 3, 'pct_normal': 88.46153846153845, 'pct_riesgo': 11.538461538461538}}, 1.0: {'n': 578, 'mean': np.float64(-0.0515152249134948), 'std': np.float64(0.7481045034993542), 'risk_classification': {'normal': 532, 'riesgo': 46, 'pct_normal': 92.04152249134948, 'pct_riesgo': 7.958477508650519}}, 2.0: {'n': 266, 'mean': np.float64(-0.08335451127819549), 'std': np.float64(0.7492208291727908), 'risk_classification': {'normal': 244, 'riesgo': 22, 'pct_normal': 91.72932330827066, 'pct_riesgo': 8.270676691729323}}, 3.0: {'n': 106, 'mean': np.float64(-0.12209245283018869), 'std': np.float64(0.6606740270645849), 'risk_classification': {'normal': 98, 'riesgo': 8, 'pct_normal': 92.45283018867924, 'pct_riesgo': 7.547169811320755}}, 4.0: {'n': 45, 'mean': np.float64(-0.03913999999999999), 'std': np.float64(0.5775521504985108), 'risk_classification': {'normal': 41, 'riesgo': 4, 'pct_normal': 91.11111111111111, 'pct_riesgo': 8.88888888888889}}, 5.0: {'n': 24, 'mean': np.float64(-0.12294583333333332), 'std': np.float64(0.5663249589346375), 'risk_classification': {'normal': 24, 'riesgo': 0, 'pct_normal': 100.0, 'pct_riesgo': 0.0}}, 6.0: {'n': 9, 'mean': np.float64(-0.8821), 'std': np.float64(0.9673346770895789), 'risk_classification': {'normal': 6, 'riesgo': 3, 'pct_normal': 66.66666666666666, 'pct_riesgo': 33.33333333333333}}, 7.0: {'n': 6, 'mean': np.float64(-0.38901666666666673), 'std': np.float64(0.9447761330953839), 'risk_classification': {'normal': 5, 'riesgo': 1, 'pct_normal': 83.33333333333334, 'pct_riesgo': 16.666666666666664}}}","{'normality': False, 'homogeneity': True, 'note': 'OK'}",Grupo más afectado: 6.0,1725
horas_pantalla,zscore_desarrollo_resolucion_problemas,ANOVA,2.3714706806138475,0.015401302583962783,True,"{0.0: {'n': 661, 'mean': np.float64(-0.06764689863842663), 'std': np.float64(0.6803116895353167), 'risk_classification': {'normal': 612, 'riesgo': 49, 'pct_normal': 92.58698940998488, 'pct_riesgo': 7.413010590015129}}, 0.5: {'n': 26, 'mean': np.float64(0.09696538461538463), 'std': np.float64(0.7990467049890427), 'risk_classification': {'normal': 24, 'riesgo': 2, 'pct_normal': 92.3076923076923, 'pct_riesgo': 7.6923076923076925}}, 1.0: {'n': 578, 'mean': np.float64(-0.005735986159169551), 'std': np.float64(0.6959054655159619), 'risk_classification': {'normal': 539, 'riesgo': 39, 'pct_normal': 93.25259515570934, 'pct_riesgo': 6.747404844290658}}, 2.0: {'n': 266, 'mean': np.float64(-0.12557819548872182), 'std': np.float64(0.6502247362825507), 'risk_classification': {'normal': 246, 'riesgo': 20, 'pct_normal': 92.4812030075188, 'pct_riesgo': 7.518796992481203}}, 3.0: {'n': 106, 'mean': np.float64(-0.18196509433962263), 'std': np.float64(0.6896025237555261), 'risk_classification': {'normal': 93, 'riesgo': 13, 'pct_normal': 87.73584905660378, 'pct_riesgo': 12.264150943396226}}, 4.0: {'n': 45, 'mean': np.float64(-0.3156), 'std': np.float64(0.6074065464968852), 'risk_classification': {'normal': 41, 'riesgo': 4, 'pct_normal': 91.11111111111111, 'pct_riesgo': 8.88888888888889}}, 5.0: {'n': 24, 'mean': np.float64(-0.01626666666666669), 'std': np.float64(0.577463406457155), 'risk_classification': {'normal': 24, 'riesgo': 0, 'pct_normal': 100.0, 'pct_riesgo': 0.0}}, 6.0: {'n': 9, 'mean': np.float64(-0.3053222222222222), 'std': np.float64(0.4092224143964312), 'risk_classification': {'normal': 9, 'riesgo': 0, 'pct_normal': 100.0, 'pct_riesgo': 0.0}}, 7.0: {'n': 6, 'mean': np.float64(-0.2676), 'std': np.float64(0.8788193602783225), 'risk_classification': {'normal': 5, 'riesgo': 1, 'pct_normal': 83.33333333333334, 'pct_riesgo': 16.666666666666664}}}","{'normality': False, 'homogeneity': True, 'note': 'OK'}",,1725
horas_pantalla,zscore_desarrollo_socio_individual,ANOVA,1.9282372252964584,0.05210039024336591,False,"{0.0: {'n': 661, 'mean': np.float64(0.043854765506807857), 'std': np.float64(0.7085897959792337), 'risk_classification': {'normal': 614, 'riesgo': 47, 'pct_normal': 92.8895612708018, 'pct_riesgo': 7.110438729198185}}, 0.5: {'n': 26, 'mean': np.float64(0.05417307692307691), 'std': np.float64(0.821688650795515), 'risk_classification': {'normal': 23, 'riesgo': 3, 'pct_normal': 88.46153846153845, 'pct_riesgo': 11.538461538461538}}, 1.0: {'n': 578, 'mean': np.float64(0.0965562283737024), 'std': np.float64(0.7511151961056033), 'risk_classification': {'normal': 538, 'riesgo': 40, 'pct_normal': 93.07958477508652, 'pct_riesgo': 6.920415224913495}}, 2.0: {'n': 266, 'mean': np.float64(-0.025287593984962414), 'std': np.float64(0.7100369536730881), 'risk_classification': {'normal': 246, 'riesgo': 20, 'pct_normal': 92.4812030075188, 'pct_riesgo': 7.518796992481203}}, 3.0: {'n': 106, 'mean': np.float64(-0.08591415094339626), 'std': np.float64(0.6102851151698226), 'risk_classification': {'normal': 99, 'riesgo': 7, 'pct_normal': 93.39622641509435, 'pct_riesgo': 6.60377358490566}}, 4.0: {'n': 45, 'mean': np.float64(-0.13478888888888893), 'std': np.float64(0.6248686924692922), 'risk_classification': {'normal': 43, 'riesgo': 2, 'pct_normal': 95.55555555555556, 'pct_riesgo': 4.444444444444445}}, 5.0: {'n': 24, 'mean': np.float64(-0.24288333333333334), 'std': np.float64(0.7515040991335262), 'risk_classification': {'normal': 20, 'riesgo': 4, 'pct_normal': 83.33333333333334, 'pct_riesgo': 16.666666666666664}}, 6.0: {'n': 9, 'mean': np.float64(0.022677777777777765), 'std': np.float64(0.8006089350890637), 'risk_classification': {'normal': 7, 'riesgo': 2, 'pct_normal': 77.77777777777779, 'pct_riesgo': 22.22222222222222}}, 7.0: {'n': 6, 'mean': np.float64(-0.048816666666666675), 'std': np.float64(0.5719335185724532), 'risk_classification': {'normal': 6, 'riesgo': 0, 'pct_normal': 100.0, 'pct_riesgo': 0.0}}}","{'normality': False, 'homogeneity': True, 'note': 'OK'}",,1725
horas_juego_cuidador,zscore_desarrollo_comunicacion,ANOVA,1.3846744328431755,0.18950642542146162,False,"{0.0: {'n': 38, 'mean': np.float64(0.023084210526315794), 'std': np.float64(0.7075196628062488), 'risk_classification': {'normal': 36, 'riesgo': 2, 'pct_normal': 94.73684210526315, 'pct_riesgo': 5.263157894736842}}, 0.5: {'n': 4, 'mean': np.float64(-0.081575), 'std': np.float64(0.8900337123764845), 'risk_classification': {'normal': 4, 'riesgo': 0, 'pct_normal': 100.0, 'pct_riesgo': 0.0}}, 1.0: {'n': 322, 'mean': np.float64(0.13199409937888198), 'std': np.float64(0.7597512179687175), 'risk_classification': {'normal': 298, 'riesgo': 24, 'pct_normal': 92.54658385093167, 'pct_riesgo': 7.453416149068323}}, 2.0: {'n': 487, 'mean': np.float64(0.09529794661190966), 'std': np.float64(0.64874482187162), 'risk_classification': {'normal': 459, 'riesgo': 28, 'pct_normal': 94.25051334702259, 'pct_riesgo': 5.749486652977413}}, 3.0: {'n': 466, 'mean': np.float64(0.08231952789699573), 'std': np.float64(0.6800457688460153), 'risk_classification': {'normal': 441, 'riesgo': 25, 'pct_normal': 94.63519313304721, 'pct_riesgo': 5.36480686695279}}, 4.0: {'n': 286, 'mean': np.float64(0.09826503496503497), 'std': np.float64(0.7023347376825475), 'risk_classification': {'normal': 270, 'riesgo': 16, 'pct_normal': 94.4055944055944, 'pct_riesgo': 5.594405594405594}}, 5.0: {'n': 88, 'mean': np.float64(0.3111375), 'std': np.float64(0.6611986665319004), 'risk_classification': {'normal': 86, 'riesgo': 2, 'pct_normal': 97.72727272727273, 'pct_riesgo': 2.272727272727273}}, 6.0: {'n': 22, 'mean': np.float64(0.1462909090909091), 'std': np.float64(0.709997905368534), 'risk_classification': {'normal': 22, 'riesgo': 0, 'pct_normal': 100.0, 'pct_riesgo': 0.0}}, 7.0: {'n': 4, 'mean': np.float64(0.37145), 'std': np.float64(0.40770084212160596), 'risk_classification': {'normal': 4, 'riesgo': 0, 'pct_normal': 100.0, 'pct_riesgo': 0.0}}, 8.0: {'n': 7, 'mean': np.float64(0.48562857142857135), 'std': np.float64(0.4933375913587156), 'risk_classification': {'normal': 7, 'riesgo': 0, 'pct_normal': 100.0, 'pct_riesgo': 0.0}}}","{'normality': False, 'homogeneity': True, 'note': 'OK'}",,1725
horas_juego_cuidador,zscore_desarrollo_motricidad_gruesa,ANOVA,2.1857318053717805,0.020551890779548755,True,"{0.0: {'n': 38, 'mean': np.float64(-0.4050552631578947), 'std': np.float64(0.7468375758498498), 'risk_classification': {'normal': 32, 'riesgo': 6, 'pct_normal': 84.21052631578947, 'pct_riesgo': 15.789473684210526}}, 0.5: {'n': 4, 'mean': np.float64(0.03235000000000002), 'std': np.float64(0.6300859967761016), 'risk_classification': {'normal': 4, 'riesgo': 0, 'pct_normal': 100.0, 'pct_riesgo': 0.0}}, 1.0: {'n': 322, 'mean': np.float64(-0.17736521739130437), 'std': np.float64(0.8747992015802635), 'risk_classification': {'normal': 275, 'riesgo': 47, 'pct_normal': 85.40372670807453, 'pct_riesgo': 14.596273291925465}}, 2.0: {'n': 487, 'mean': np.float64(-0.28842772073921974), 'std': np.float64(0.812954996648436), 'risk_classification': {'normal': 401, 'riesgo': 86, 'pct_normal': 82.34086242299796, 'pct_riesgo': 17.659137577002053}}, 3.0: {'n': 466, 'mean': np.float64(-0.3550575107296137), 'std': np.float64(0.8037405316336731), 'risk_classification': {'normal': 384, 'riesgo': 82, 'pct_normal': 82.40343347639485, 'pct_riesgo': 17.59656652360515}}, 4.0: {'n': 286, 'mean': np.float64(-0.26451363636363634), 'std': np.float64(0.8798475817302421), 'risk_classification': {'normal': 234, 'riesgo': 52, 'pct_normal': 81.81818181818183, 'pct_riesgo': 18.181818181818183}}, 5.0: {'n': 88, 'mean': np.float64(-0.08217954545454546), 'std': np.float64(0.8155215235901941), 'risk_classification': {'normal': 76, 'riesgo': 12, 'pct_normal': 86.36363636363636, 'pct_riesgo': 13.636363636363635}}, 6.0: {'n': 22, 'mean': np.float64(-0.12273181818181818), 'std': np.float64(0.6792312765432934), 'risk_classification': {'normal': 20, 'riesgo': 2, 'pct_normal': 90.9090909090909, 'pct_riesgo': 9.090909090909092}}, 7.0: {'n': 4, 'mean': np.float64(-0.46254999999999996), 'std': np.float64(0.8395573337578957), 'risk_classification': {'normal': 3, 'riesgo': 1, 'pct_normal': 75.0, 'pct_riesgo': 25.0}}, 8.0: {'n': 7, 'mean': np.float64(0.3225571428571428), 'std': np.float64(0.4985345787309805), 'risk_classification': {'normal': 7, 'riesgo': 0, 'pct_normal': 100.0, 'pct_riesgo': 0.0}}}","{'normality': False, 'homogeneity': True, 'note': 'OK'}",,1725
horas_juego_cuidador,zscore_desarrollo_motricidad_fina,Welch's ANOVA,1.2666300015291816,0.28812631233070657,False,"{0.0: {'n': 38, 'mean': np.float64(-0.14100000000000004), 'std': np.float64(0.5281564208308605), 'risk_classification': {'normal': 36, 'riesgo': 2, 'pct_normal': 94.73684210526315, 'pct_riesgo': 5.263157894736842}}, 0.5: {'n': 4, 'mean': np.float64(-0.530875), 'std': np.float64(1.7748261968899002), 'risk_classification': {'normal': 2, 'riesgo': 2, 'pct_normal': 50.0, 'pct_riesgo': 50.0}}, 1.0: {'n': 322, 'mean': np.float64(-0.15268447204968943), 'std': np.float64(0.7672097663708599), 'risk_classification': {'normal': 290, 'riesgo': 32, 'pct_normal': 90.06211180124224, 'pct_riesgo': 9.937888198757763}}, 2.0: {'n': 487, 'mean': np.float64(-0.07555503080082135), 'std': np.float64(0.7217449947016622), 'risk_classification': {'normal': 443, 'riesgo': 44, 'pct_normal': 90.96509240246407, 'pct_riesgo': 9.034907597535934}}, 3.0: {'n': 466, 'mean': np.float64(0.002533690987124467), 'std': np.float64(0.6583500778723425), 'risk_classification': {'normal': 439, 'riesgo': 27, 'pct_normal': 94.20600858369099, 'pct_riesgo': 5.793991416309012}}, 4.0: {'n': 286, 'mean': np.float64(-0.10501608391608391), 'std': np.float64(0.8014823996404303), 'risk_classification': {'normal': 259, 'riesgo': 27, 'pct_normal': 90.55944055944056, 'pct_riesgo': 9.44055944055944}}, 5.0: {'n': 88, 'mean': np.float64(-0.06530681818181816), 'std': np.float64(0.7468700776082419), 'risk_classification': {'normal': 77, 'riesgo': 11, 'pct_normal': 87.5, 'pct_riesgo': 12.5}}, 6.0: {'n': 22, 'mean': np.float64(-0.252), 'std': np.float64(0.6012914767398586), 'risk_classification': {'normal': 20, 'riesgo': 2, 'pct_normal': 90.9090909090909, 'pct_riesgo': 9.090909090909092}}, 7.0: {'n': 4, 'mean': np.float64(0.021125000000000005), 'std': np.float64(0.4685485344835332), 'risk_classification': {'normal': 4, 'riesgo': 0, 'pct_normal': 100.0, 'pct_riesgo': 0.0}}, 8.0: {'n': 7, 'mean': np.float64(-0.09764285714285717), 'std': np.float64(0.9375442902553863), 'risk_classification': {'normal': 6, 'riesgo': 1, 'pct_normal': 85.71428571428571, 'pct_riesgo': 14.285714285714285}}}","{'normality': False, 'homogeneity': False, 'note': 'OK'}",,1725
horas_juego_cuidador,zscore_desarrollo_resolucion_problemas,ANOVA,3.2997361796473546,0.0005327509417894483,True,"{0.0: {'n': 38, 'mean': np.float64(-0.03534736842105263), 'std': np.float64(0.5672596039170522), 'risk_classification': {'normal': 34, 'riesgo': 4, 'pct_normal': 89.47368421052632, 'pct_riesgo': 10.526315789473683}}, 0.5: {'n': 4, 'mean': np.float64(-0.9745999999999999), 'std': np.float64(1.265499690504374), 'risk_classification': {'normal': 2, 'riesgo': 2, 'pct_normal': 50.0, 'pct_riesgo': 50.0}}, 1.0: {'n': 322, 'mean': np.float64(-0.15978757763975157), 'std': np.float64(0.7448362215392423), 'risk_classification': {'normal': 291, 'riesgo': 31, 'pct_normal': 90.37267080745342, 'pct_riesgo': 9.627329192546584}}, 2.0: {'n': 487, 'mean': np.float64(-0.027682956878850095), 'std': np.float64(0.6439940934865473), 'risk_classification': {'normal': 460, 'riesgo': 27, 'pct_normal': 94.45585215605749, 'pct_riesgo': 5.544147843942506}}, 3.0: {'n': 466, 'mean': np.float64(0.0014708154506437798), 'std': np.float64(0.6344680423298152), 'risk_classification': {'normal': 440, 'riesgo': 26, 'pct_normal': 94.4206008583691, 'pct_riesgo': 5.579399141630901}}, 4.0: {'n': 286, 'mean': np.float64(-0.15728706293706296), 'std': np.float64(0.7291811429992752), 'risk_classification': {'normal': 254, 'riesgo': 32, 'pct_normal': 88.81118881118881, 'pct_riesgo': 11.188811188811188}}, 5.0: {'n': 88, 'mean': np.float64(-0.08176931818181819), 'std': np.float64(0.6825586819718594), 'risk_classification': {'normal': 83, 'riesgo': 5, 'pct_normal': 94.31818181818183, 'pct_riesgo': 5.681818181818182}}, 6.0: {'n': 22, 'mean': np.float64(0.07192727272727273), 'std': np.float64(0.616212636600787), 'risk_classification': {'normal': 21, 'riesgo': 1, 'pct_normal': 95.45454545454545, 'pct_riesgo': 4.545454545454546}}, 7.0: {'n': 4, 'mean': np.float64(-0.045749999999999985), 'std': np.float64(0.59485792981742), 'risk_classification': {'normal': 4, 'riesgo': 0, 'pct_normal': 100.0, 'pct_riesgo': 0.0}}, 8.0: {'n': 7, 'mean': np.float64(0.4438428571428571), 'std': np.float64(0.6926989530263559), 'risk_classification': {'normal': 7, 'riesgo': 0, 'pct_normal': 100.0, 'pct_riesgo': 0.0}}}","{'normality': False, 'homogeneity': True, 'note': 'OK'}",,1725
horas_juego_cuidador,zscore_desarrollo_socio_individual,ANOVA,1.5903996831941785,0.1126007740077084,False,"{0.0: {'n': 38, 'mean': np.float64(-0.046207894736842114), 'std': np.float64(0.7140797939293274), 'risk_classification': {'normal': 37, 'riesgo': 1, 'pct_normal': 97.36842105263158, 'pct_riesgo': 2.631578947368421}}, 0.5: {'n': 4, 'mean': np.float64(-1.046925), 'std': np.float64(0.664910457004049), 'risk_classification': {'normal': 1, 'riesgo': 3, 'pct_normal': 25.0, 'pct_riesgo': 75.0}}, 1.0: {'n': 322, 'mean': np.float64(0.054941925465838516), 'std': np.float64(0.7073552458369863), 'risk_classification': {'normal': 294, 'riesgo': 28, 'pct_normal': 91.30434782608695, 'pct_riesgo': 8.695652173913043}}, 2.0: {'n': 487, 'mean': np.float64(0.024006981519507177), 'std': np.float64(0.6923601134526233), 'risk_classification': {'normal': 454, 'riesgo': 33, 'pct_normal': 93.22381930184805, 'pct_riesgo': 6.7761806981519515}}, 3.0: {'n': 466, 'mean': np.float64(0.05251137339055794), 'std': np.float64(0.7306183084368034), 'risk_classification': {'normal': 437, 'riesgo': 29, 'pct_normal': 93.77682403433477, 'pct_riesgo': 6.223175965665236}}, 4.0: {'n': 286, 'mean': np.float64(-0.015755244755244757), 'std': np.float64(0.7523076816133817), 'risk_classification': {'normal': 262, 'riesgo': 24, 'pct_normal': 91.6083916083916, 'pct_riesgo': 8.391608391608392}}, 5.0: {'n': 88, 'mean': np.float64(0.11971136363636364), 'std': np.float64(0.7349175247231797), 'risk_classification': {'normal': 83, 'riesgo': 5, 'pct_normal': 94.31818181818183, 'pct_riesgo': 5.681818181818182}}, 6.0: {'n': 22, 'mean': np.float64(0.19690454545454553), 'std': np.float64(0.6779024009519735), 'risk_classification': {'normal': 21, 'riesgo': 1, 'pct_normal': 95.45454545454545, 'pct_riesgo': 4.545454545454546}}, 7.0: {'n': 4, 'mean': np.float64(0.20727500000000001), 'std': np.float64(0.540692835628511), 'risk_classification': {'normal': 4, 'riesgo': 0, 'pct_normal': 100.0, 'pct_riesgo': 0.0}}, 8.0: {'n': 7, 'mean': np.float64(-0.05537142857142858), 'std': np.float64(0.7242944215218139), 'risk_classification': {'normal': 6, 'riesgo': 1, 'pct_normal': 85.71428571428571, 'pct_riesgo': 14.285714285714285}}}","{'normality': False, 'homogeneity': True, 'note': 'OK'}",,1725
numero_controles_prenatales,zscore_desarrollo_comunicacion,ANOVA,2.389502509571034,0.004641014239841817,True,"{0: {'n': 8, 'mean': np.float64(-0.040199999999999986), 'std': np.float64(1.0502454679060238), 'risk_classification': {'normal': 6, 'riesgo': 2, 'pct_normal': 75.0, 'pct_riesgo': 25.0}}, 1: {'n': 8, 'mean': np.float64(0.8949499999999999), 'std': np.float64(0.42676310926387656), 'risk_classification': {'normal': 8, 'riesgo': 0, 'pct_normal': 100.0, 'pct_riesgo': 0.0}}, 2: {'n': 18, 'mean': np.float64(0.0907611111111111), 'std': np.float64(0.7193034867465551), 'risk_classification': {'normal': 17, 'riesgo': 1, 'pct_normal': 94.44444444444444, 'pct_riesgo': 5.555555555555555}}, 3: {'n': 59, 'mean': np.float64(-0.03672203389830507), 'std': np.float64(0.725800550894356), 'risk_classification': {'normal': 54, 'riesgo': 5, 'pct_normal': 91.52542372881356, 'pct_riesgo': 8.47457627118644}}, 4: {'n': 140, 'mean': np.float64(-0.05698857142857143), 'std': np.float64(0.6134037403255922), 'risk_classification': {'normal': 134, 'riesgo': 6, 'pct_normal': 95.71428571428572, 'pct_riesgo': 4.285714285714286}}, 5: {'n': 248, 'mean': np.float64(0.15859999999999996), 'std': np.float64(0.6672500119000125), 'risk_classification': {'normal': 236, 'riesgo': 12, 'pct_normal': 95.16129032258065, 'pct_riesgo': 4.838709677419355}}, 6: {'n': 315, 'mean': np.float64(0.13499301587301588), 'std': np.float64(0.6971352138917399), 'risk_classification': {'normal': 295, 'riesgo': 20, 'pct_normal': 93.65079365079364, 'pct_riesgo': 6.349206349206349}}, 7: {'n': 288, 'mean': np.float64(0.10810208333333333), 'std': np.float64(0.6650788345997626), 'risk_classification': {'normal': 276, 'riesgo': 12, 'pct_normal': 95.83333333333334, 'pct_riesgo': 4.166666666666666}}, 8: {'n': 225, 'mean': np.float64(0.09616622222222222), 'std': np.float64(0.7013005572661591), 'risk_classification': {'normal': 209, 'riesgo': 16, 'pct_normal': 92.88888888888889, 'pct_riesgo': 7.111111111111111}}, 9: {'n': 351, 'mean': np.float64(0.16164074074074075), 'std': np.float64(0.7117352933447888), 'risk_classification': {'normal': 334, 'riesgo': 17, 'pct_normal': 95.15669515669516, 'pct_riesgo': 4.843304843304843}}, 10: {'n': 53, 'mean': np.float64(0.08737735849056602), 'std': np.float64(0.724852672203518), 'risk_classification': {'normal': 49, 'riesgo': 4, 'pct_normal': 92.45283018867924, 'pct_riesgo': 7.547169811320755}}, 11: {'n': 8, 'mean': np.float64(-0.2604), 'std': np.float64(0.5888465747301487), 'risk_classification': {'normal': 7, 'riesgo': 1, 'pct_normal': 87.5, 'pct_riesgo': 12.5}}, 12: {'n': 3, 'mean': np.float64(-0.2492666666666666), 'std': np.float64(0.9816928457177088), 'risk_classification': {'normal': 2, 'riesgo': 1, 'pct_normal': 66.66666666666666, 'pct_riesgo': 33.33333333333333}}}","{'normality': False, 'homogeneity': True, 'note': 'OK'}",Grupo más afectado: 11,1725
numero_controles_prenatales,zscore_desarrollo_motricidad_gruesa,ANOVA,1.2836817980615336,0.2213100017285909,False,"{0: {'n': 8, 'mean': np.float64(-0.2276375), 'std': np.float64(0.7969540512610678), 'risk_classification': {'normal': 7, 'riesgo': 1, 'pct_normal': 87.5, 'pct_riesgo': 12.5}}, 1: {'n': 8, 'mean': np.float64(-0.204075), 'std': np.float64(0.8973251612431248), 'risk_classification': {'normal': 6, 'riesgo': 2, 'pct_normal': 75.0, 'pct_riesgo': 25.0}}, 2: {'n': 18, 'mean': np.float64(-0.13886111111111116), 'std': np.float64(0.852589916692516), 'risk_classification': {'normal': 15, 'riesgo': 3, 'pct_normal': 83.33333333333334, 'pct_riesgo': 16.666666666666664}}, 3: {'n': 59, 'mean': np.float64(-0.44304067796610175), 'std': np.float64(0.618791198173878), 'risk_classification': {'normal': 50, 'riesgo': 9, 'pct_normal': 84.7457627118644, 'pct_riesgo': 15.254237288135593}}, 4: {'n': 140, 'mean': np.float64(-0.42447785714285713), 'std': np.float64(0.7828973257992242), 'risk_classification': {'normal': 112, 'riesgo': 28, 'pct_normal': 80.0, 'pct_riesgo': 20.0}}, 5: {'n': 248, 'mean': np.float64(-0.20972459677419353), 'std': np.float64(0.742183886006433), 'risk_classification': {'normal': 213, 'riesgo': 35, 'pct_normal': 85.88709677419355, 'pct_riesgo': 14.112903225806454}}, 6: {'n': 315, 'mean': np.float64(-0.21672476190476195), 'std': np.float64(0.8522788439941045), 'risk_classification': {'normal': 265, 'riesgo': 50, 'pct_normal': 84.12698412698413, 'pct_riesgo': 15.873015873015872}}, 7: {'n': 288, 'mean': np.float64(-0.2777118055555555), 'std': np.float64(0.7806671720067352), 'risk_classification': {'normal': 242, 'riesgo': 46, 'pct_normal': 84.02777777777779, 'pct_riesgo': 15.972222222222221}}, 8: {'n': 225, 'mean': np.float64(-0.30385644444444443), 'std': np.float64(0.9899424573220051), 'risk_classification': {'normal': 189, 'riesgo': 36, 'pct_normal': 84.0, 'pct_riesgo': 16.0}}, 9: {'n': 351, 'mean': np.float64(-0.21615156695156698), 'std': np.float64(0.843351119754041), 'risk_classification': {'normal': 286, 'riesgo': 65, 'pct_normal': 81.48148148148148, 'pct_riesgo': 18.51851851851852}}, 10: {'n': 53, 'mean': np.float64(-0.36953584905660375), 'std': np.float64(0.8646855618116421), 'risk_classification': {'normal': 43, 'riesgo': 10, 'pct_normal': 81.13207547169812, 'pct_riesgo': 18.867924528301888}}, 11: {'n': 8, 'mean': np.float64(-0.6456625), 'std': np.float64(0.9279714372721055), 'risk_classification': {'normal': 6, 'riesgo': 2, 'pct_normal': 75.0, 'pct_riesgo': 25.0}}, 12: {'n': 3, 'mean': np.float64(-0.6542666666666667), 'std': np.float64(0.4003493765866675), 'risk_classification': {'normal': 3, 'riesgo': 0, 'pct_normal': 100.0, 'pct_riesgo': 0.0}}}","{'normality': False, 'homogeneity': True, 'note': 'OK'}",,1725
numero_controles_prenatales,zscore_desarrollo_motricidad_fina,ANOVA,3.2507899558583295,0.00011862592715543843,True,"{0: {'n': 8, 'mean': np.float64(0.05289999999999999), 'std': np.float64(0.6182536095440816), 'risk_classification': {'normal': 8, 'riesgo': 0, 'pct_normal': 100.0, 'pct_riesgo': 0.0}}, 1: {'n': 8, 'mean': np.float64(0.1831625), 'std': np.float64(0.5945027428448081), 'risk_classification': {'normal': 8, 'riesgo': 0, 'pct_normal': 100.0, 'pct_riesgo': 0.0}}, 2: {'n': 18, 'mean': np.float64(-0.5796555555555555), 'std': np.float64(1.102930261899808), 'risk_classification': {'normal': 13, 'riesgo': 5, 'pct_normal': 72.22222222222221, 'pct_riesgo': 27.77777777777778}}, 3: {'n': 59, 'mean': np.float64(0.0054525423728813615), 'std': np.float64(0.7036537170874685), 'risk_classification': {'normal': 54, 'riesgo': 5, 'pct_normal': 91.52542372881356, 'pct_riesgo': 8.47457627118644}}, 4: {'n': 140, 'mean': np.float64(-0.18960928571428573), 'std': np.float64(0.801499355470502), 'risk_classification': {'normal': 127, 'riesgo': 13, 'pct_normal': 90.71428571428571, 'pct_riesgo': 9.285714285714286}}, 5: {'n': 248, 'mean': np.float64(-0.12631854838709677), 'std': np.float64(0.6981685311972744), 'risk_classification': {'normal': 229, 'riesgo': 19, 'pct_normal': 92.33870967741935, 'pct_riesgo': 7.661290322580645}}, 6: {'n': 315, 'mean': np.float64(-0.08970222222222222), 'std': np.float64(0.7088663672282687), 'risk_classification': {'normal': 283, 'riesgo': 32, 'pct_normal': 89.84126984126985, 'pct_riesgo': 10.158730158730158}}, 7: {'n': 288, 'mean': np.float64(-0.13033020833333334), 'std': np.float64(0.700040030281961), 'risk_classification': {'normal': 260, 'riesgo': 28, 'pct_normal': 90.27777777777779, 'pct_riesgo': 9.722222222222223}}, 8: {'n': 225, 'mean': np.float64(-0.112168), 'std': np.float64(0.7603743570181166), 'risk_classification': {'normal': 201, 'riesgo': 24, 'pct_normal': 89.33333333333333, 'pct_riesgo': 10.666666666666668}}, 9: {'n': 351, 'mean': np.float64(0.08409259259259262), 'std': np.float64(0.6982067721174636), 'risk_classification': {'normal': 333, 'riesgo': 18, 'pct_normal': 94.87179487179486, 'pct_riesgo': 5.128205128205128}}, 10: {'n': 53, 'mean': np.float64(-0.02348679245283019), 'std': np.float64(0.68101179534508), 'risk_classification': {'normal': 50, 'riesgo': 3, 'pct_normal': 94.33962264150944, 'pct_riesgo': 5.660377358490567}}, 11: {'n': 8, 'mean': np.float64(-0.5662625), 'std': np.float64(0.9978084756641139), 'risk_classification': {'normal': 7, 'riesgo': 1, 'pct_normal': 87.5, 'pct_riesgo': 12.5}}, 12: {'n': 3, 'mean': np.float64(0.10059999999999998), 'std': np.float64(0.9649407598396909), 'risk_classification': {'normal': 3, 'riesgo': 0, 'pct_normal': 100.0, 'pct_riesgo': 0.0}}}","{'normality': False, 'homogeneity': True, 'note': 'OK'}",Grupo más afectado: 2,1725
numero_controles_prenatales,zscore_desarrollo_resolucion_problemas,ANOVA,2.900977063527917,0.0005495554431326378,True,"{0: {'n': 8, 'mean': np.float64(0.19452499999999998), 'std': np.float64(0.9197068612956444), 'risk_classification': {'normal': 7, 'riesgo': 1, 'pct_normal': 87.5, 'pct_riesgo': 12.5}}, 1: {'n': 8, 'mean': np.float64(0.16703749999999998), 'std': np.float64(0.5462725770097352), 'risk_classification': {'normal': 8, 'riesgo': 0, 'pct_normal': 100.0, 'pct_riesgo': 0.0}}, 2: {'n': 18, 'mean': np.float64(-0.0348111111111111), 'std': np.float64(0.6248475295329243), 'risk_classification': {'normal': 17, 'riesgo': 1, 'pct_normal': 94.44444444444444, 'pct_riesgo': 5.555555555555555}}, 3: {'n': 59, 'mean': np.float64(-0.23051355932203385), 'std': np.float64(0.705848253560462), 'risk_classification': {'normal': 51, 'riesgo': 8, 'pct_normal': 86.4406779661017, 'pct_riesgo': 13.559322033898304}}, 4: {'n': 140, 'mean': np.float64(-0.10088642857142859), 'std': np.float64(0.6585661156356377), 'risk_classification': {'normal': 133, 'riesgo': 7, 'pct_normal': 95.0, 'pct_riesgo': 5.0}}, 5: {'n': 248, 'mean': np.float64(-0.11972943548387097), 'std': np.float64(0.6668764310666787), 'risk_classification': {'normal': 229, 'riesgo': 19, 'pct_normal': 92.33870967741935, 'pct_riesgo': 7.661290322580645}}, 6: {'n': 315, 'mean': np.float64(-0.12138126984126985), 'std': np.float64(0.6801268858282312), 'risk_classification': {'normal': 291, 'riesgo': 24, 'pct_normal': 92.38095238095238, 'pct_riesgo': 7.6190476190476195}}, 7: {'n': 288, 'mean': np.float64(-0.11230069444444446), 'std': np.float64(0.672736585587826), 'risk_classification': {'normal': 265, 'riesgo': 23, 'pct_normal': 92.01388888888889, 'pct_riesgo': 7.986111111111111}}, 8: {'n': 225, 'mean': np.float64(-0.050788888888888876), 'std': np.float64(0.6994488259331102), 'risk_classification': {'normal': 208, 'riesgo': 17, 'pct_normal': 92.44444444444444, 'pct_riesgo': 7.555555555555555}}, 9: {'n': 351, 'mean': np.float64(0.09695954415954415), 'std': np.float64(0.692852205071857), 'risk_classification': {'normal': 330, 'riesgo': 21, 'pct_normal': 94.01709401709401, 'pct_riesgo': 5.982905982905983}}, 10: {'n': 53, 'mean': np.float64(-0.20419811320754713), 'std': np.float64(0.5697963693253684), 'risk_classification': {'normal': 47, 'riesgo': 6, 'pct_normal': 88.67924528301887, 'pct_riesgo': 11.320754716981133}}, 11: {'n': 8, 'mean': np.float64(-0.0988375), 'std': np.float64(0.25621662117100386), 'risk_classification': {'normal': 8, 'riesgo': 0, 'pct_normal': 100.0, 'pct_riesgo': 0.0}}, 12: {'n': 3, 'mean': np.float64(-0.47823333333333334), 'std': np.float64(0.6255064534705723), 'risk_classification': {'normal': 2, 'riesgo': 1, 'pct_normal': 66.66666666666666, 'pct_riesgo': 33.33333333333333}}}","{'normality': False, 'homogeneity': True, 'note': 'OK'}",Grupo más afectado: 12,1725
numero_controles_prenatales,zscore_desarrollo_socio_individual,ANOVA,3.524572391767626,3.458919240587466e-05,True,"{0: {'n': 8, 'mean': np.float64(0.2283), 'std': np.float64(0.610219656002188), 'risk_classification': {'normal': 8, 'riesgo': 0, 'pct_normal': 100.0, 'pct_riesgo': 0.0}}, 1: {'n': 8, 'mean': np.float64(0.4017625), 'std': np.float64(0.3949914535693869), 'risk_classification': {'normal': 8, 'riesgo': 0, 'pct_normal': 100.0, 'pct_riesgo': 0.0}}, 2: {'n': 18, 'mean': np.float64(-0.06695555555555559), 'std': np.float64(0.7657218249486), 'risk_classification': {'normal': 16, 'riesgo': 2, 'pct_normal': 88.88888888888889, 'pct_riesgo': 11.11111111111111}}, 3: {'n': 59, 'mean': np.float64(-0.0823135593220339), 'std': np.float64(0.8045330285021902), 'risk_classification': {'normal': 54, 'riesgo': 5, 'pct_normal': 91.52542372881356, 'pct_riesgo': 8.47457627118644}}, 4: {'n': 140, 'mean': np.float64(-0.15846142857142853), 'std': np.float64(0.6783461910443807), 'risk_classification': {'normal': 123, 'riesgo': 17, 'pct_normal': 87.85714285714286, 'pct_riesgo': 12.142857142857142}}, 5: {'n': 248, 'mean': np.float64(-0.010380241935483868), 'std': np.float64(0.6799863731463437), 'risk_classification': {'normal': 228, 'riesgo': 20, 'pct_normal': 91.93548387096774, 'pct_riesgo': 8.064516129032258}}, 6: {'n': 315, 'mean': np.float64(0.019189841269841253), 'std': np.float64(0.6791275802665043), 'risk_classification': {'normal': 295, 'riesgo': 20, 'pct_normal': 93.65079365079364, 'pct_riesgo': 6.349206349206349}}, 7: {'n': 288, 'mean': np.float64(-0.007118750000000001), 'std': np.float64(0.7053552754427713), 'risk_classification': {'normal': 270, 'riesgo': 18, 'pct_normal': 93.75, 'pct_riesgo': 6.25}}, 8: {'n': 225, 'mean': np.float64(0.11573511111111111), 'std': np.float64(0.7820722359214692), 'risk_classification': {'normal': 208, 'riesgo': 17, 'pct_normal': 92.44444444444444, 'pct_riesgo': 7.555555555555555}}, 9: {'n': 351, 'mean': np.float64(0.17900826210826212), 'std': np.float64(0.7304192310995885), 'risk_classification': {'normal': 331, 'riesgo': 20, 'pct_normal': 94.30199430199431, 'pct_riesgo': 5.698005698005698}}, 10: {'n': 53, 'mean': np.float64(-0.11492264150943397), 'std': np.float64(0.6997892346550081), 'risk_classification': {'normal': 48, 'riesgo': 5, 'pct_normal': 90.56603773584906, 'pct_riesgo': 9.433962264150944}}, 11: {'n': 8, 'mean': np.float64(-0.037587499999999996), 'std': np.float64(0.7855268922149369), 'risk_classification': {'normal': 8, 'riesgo': 0, 'pct_normal': 100.0, 'pct_riesgo': 0.0}}, 12: {'n': 3, 'mean': np.float64(-0.9366666666666665), 'std': np.float64(0.2833968301398824), 'risk_classification': {'normal': 2, 'riesgo': 1, 'pct_normal': 66.66666666666666, 'pct_riesgo': 33.33333333333333}}}","{'normality': False, 'homogeneity': True, 'note': 'OK'}",Grupo más afectado: 12,1725
ultrasonido_embarazo,zscore_desarrollo_comunicacion,ANOVA,4.1879059501342635,0.040864832862267414,True,"{'No': {'n': 94, 'mean': np.float64(-0.030627659574468075), 'std': np.float64(0.7286187579904452), 'risk_classification': {'normal': 87, 'riesgo': 7, 'pct_normal': 92.5531914893617, 'pct_riesgo': 7.446808510638298}}, 'Sí': {'n': 1631, 'mean': np.float64(0.1192026977314531), 'std': np.float64(0.687981671387034), 'risk_classification': {'normal': 1541, 'riesgo': 90, 'pct_normal': 94.48191293684856, 'pct_riesgo': 5.518087063151441}}}","{'normality': False, 'homogeneity': True, 'note': 'OK'}",Grupo más afectado: No,1725
ultrasonido_embarazo,zscore_desarrollo_motricidad_gruesa,ANOVA,5.985405269388085,0.014524075781386099,True,"{'No': {'n': 94, 'mean': np.float64(-0.47303510638297863), 'std': np.float64(0.7845167571841132), 'risk_classification': {'normal': 74, 'riesgo': 20, 'pct_normal': 78.72340425531915, 'pct_riesgo': 21.27659574468085}}, 'Sí': {'n': 1631, 'mean': np.float64(-0.25732851011649294), 'std': np.float64(0.83379976936996), 'risk_classification': {'normal': 1363, 'riesgo': 268, 'pct_normal': 83.5683629675046, 'pct_riesgo': 16.431637032495402}}}","{'normality': False, 'homogeneity': True, 'note': 'OK'}",Grupo más afectado: No,1725
ultrasonido_embarazo,zscore_desarrollo_motricidad_fina,Welch's ANOVA,0.12903201445951087,0.7201225659887667,False,"{'No': {'n': 94, 'mean': np.float64(-0.055819148936170224), 'std': np.float64(0.5865422694255921), 'risk_classification': {'normal': 91, 'riesgo': 3, 'pct_normal': 96.80851063829788, 'pct_riesgo': 3.1914893617021276}}, 'Sí': {'n': 1631, 'mean': np.float64(-0.07851624770079706), 'std': np.float64(0.7364941210013781), 'risk_classification': {'normal': 1486, 'riesgo': 145, 'pct_normal': 91.10974862047824, 'pct_riesgo': 8.890251379521766}}}","{'normality': False, 'homogeneity': False, 'note': 'OK'}",,1725
ultrasonido_embarazo,zscore_desarrollo_resolucion_problemas,ANOVA,0.930487380178603,0.3348716755372847,False,"{'No': {'n': 94, 'mean': np.float64(-0.13381914893617025), 'std': np.float64(0.5952498391660639), 'risk_classification': {'normal': 87, 'riesgo': 7, 'pct_normal': 92.5531914893617, 'pct_riesgo': 7.446808510638298}}, 'Sí': {'n': 1631, 'mean': np.float64(-0.06406541998773758), 'std': np.float64(0.6863292628891527), 'risk_classification': {'normal': 1510, 'riesgo': 121, 'pct_normal': 92.58123850398529, 'pct_riesgo': 7.4187614960147155}}}","{'normality': False, 'homogeneity': True, 'note': 'OK'}",,1725
ultrasonido_embarazo,zscore_desarrollo_socio_individual,ANOVA,5.758564761351941,0.016514061322023696,True,"{'No': {'n': 94, 'mean': np.float64(-0.1393808510638298), 'std': np.float64(0.6855876547295375), 'risk_classification': {'normal': 84, 'riesgo': 10, 'pct_normal': 89.36170212765957, 'pct_riesgo': 10.638297872340425}}, 'Sí': {'n': 1631, 'mean': np.float64(0.04348191293684857), 'std': np.float64(0.7202238749918252), 'risk_classification': {'normal': 1516, 'riesgo': 115, 'pct_normal': 92.94911097486205, 'pct_riesgo': 7.050889025137952}}}","{'normality': False, 'homogeneity': True, 'note': 'OK'}",Grupo más afectado: No,1725
prenatales_primeros_3_meses,zscore_desarrollo_comunicacion,ANOVA,2.310221194050476,0.128709232584902,False,"{'No': {'n': 204, 'mean': np.float64(0.04202745098039217), 'std': np.float64(0.7140919842028968), 'risk_classification': {'normal': 190, 'riesgo': 14, 'pct_normal': 93.13725490196079, 'pct_riesgo': 6.862745098039216}}, 'Sí': {'n': 1521, 'mean': np.float64(0.1202938856015779), 'std': np.float64(0.6874150997879934), 'risk_classification': {'normal': 1438, 'riesgo': 83, 'pct_normal': 94.543063773833, 'pct_riesgo': 5.456936226166995}}}","{'normality': False, 'homogeneity': True, 'note': 'OK'}",,1725
prenatales_primeros_3_meses,zscore_desarrollo_motricidad_gruesa,ANOVA,1.715769472027118,0.19041313187431555,False,"{'No': {'n': 204, 'mean': np.float64(-0.34075245098039214), 'std': np.float64(0.8272127718401361), 'risk_classification': {'normal': 162, 'riesgo': 42, 'pct_normal': 79.41176470588235, 'pct_riesgo': 20.588235294117645}}, 'Sí': {'n': 1521, 'mean': np.float64(-0.259470479947403), 'std': np.float64(0.8329119543428367), 'risk_classification': {'normal': 1275, 'riesgo': 246, 'pct_normal': 83.82642998027613, 'pct_riesgo': 16.173570019723865}}}","{'normality': False, 'homogeneity': True, 'note': 'OK'}",,1725
prenatales_primeros_3_meses,zscore_desarrollo_motricidad_fina,ANOVA,0.002308538581566808,0.9616841515369443,False,"{'No': {'n': 204, 'mean': np.float64(-0.07958284313725492), 'std': np.float64(0.7627875543386544), 'risk_classification': {'normal': 185, 'riesgo': 19, 'pct_normal': 90.68627450980392, 'pct_riesgo': 9.313725490196079}}, 'Sí': {'n': 1521, 'mean': np.float64(-0.07697047994740303), 'std': np.float64(0.724603097366772), 'risk_classification': {'normal': 1392, 'riesgo': 129, 'pct_normal': 91.51873767258382, 'pct_riesgo': 8.481262327416173}}}","{'normality': False, 'homogeneity': True, 'note': 'OK'}",,1725
prenatales_primeros_3_meses,zscore_desarrollo_resolucion_problemas,Welch's ANOVA,1.221171149147723,0.27021520733666327,False,"{'No': {'n': 204, 'mean': np.float64(-0.12341519607843136), 'std': np.float64(0.7766487905460303), 'risk_classification': {'normal': 183, 'riesgo': 21, 'pct_normal': 89.70588235294117, 'pct_riesgo': 10.294117647058822}}, 'Sí': {'n': 1521, 'mean': np.float64(-0.060416173570019716), 'std': np.float64(0.6678876311995127), 'risk_classification': {'normal': 1414, 'riesgo': 107, 'pct_normal': 92.96515450361605, 'pct_riesgo': 7.034845496383959}}}","{'normality': False, 'homogeneity': False, 'note': 'OK'}",,1725
prenatales_primeros_3_meses,zscore_desarrollo_socio_individual,ANOVA,2.5173797190956333,0.11278103174606273,False,"{'No': {'n': 204, 'mean': np.float64(-0.041489705882352956), 'std': np.float64(0.7391351506844016), 'risk_classification': {'normal': 184, 'riesgo': 20, 'pct_normal': 90.19607843137256, 'pct_riesgo': 9.803921568627452}}, 'Sí': {'n': 1521, 'mean': np.float64(0.04357731755424063), 'std': np.float64(0.7163492933505641), 'risk_classification': {'normal': 1416, 'riesgo': 105, 'pct_normal': 93.09664694280079, 'pct_riesgo': 6.903353057199212}}}","{'normality': False, 'homogeneity': True, 'note': 'OK'}",,1725
prenatales_resto_embarazo,zscore_desarrollo_comunicacion,ANOVA,0.8252072379556412,0.3637891168578775,False,"{'No': {'n': 122, 'mean': np.float64(0.056261475409836066), 'std': np.float64(0.6623163328062637), 'risk_classification': {'normal': 116, 'riesgo': 6, 'pct_normal': 95.08196721311475, 'pct_riesgo': 4.918032786885246}}, 'Sí': {'n': 1603, 'mean': np.float64(0.11520692451653151), 'std': np.float64(0.6930207809958487), 'risk_classification': {'normal': 1512, 'riesgo': 91, 'pct_normal': 94.32314410480349, 'pct_riesgo': 5.676855895196507}}}","{'normality': False, 'homogeneity': True, 'note': 'OK'}",,1725
prenatales_resto_embarazo,zscore_desarrollo_motricidad_gruesa,Welch's ANOVA,7.204700155097798,0.008110043194356816,True,"{'No': {'n': 122, 'mean': np.float64(-0.44231639344262297), 'std': np.float64(0.7314181820849177), 'risk_classification': {'normal': 98, 'riesgo': 24, 'pct_normal': 80.32786885245902, 'pct_riesgo': 19.672131147540984}}, 'Sí': {'n': 1603, 'mean': np.float64(-0.25589862757330006), 'std': np.float64(0.838342337825887), 'risk_classification': {'normal': 1339, 'riesgo': 264, 'pct_normal': 83.53087960074859, 'pct_riesgo': 16.469120399251402}}}","{'normality': False, 'homogeneity': False, 'note': 'OK'}",Grupo más afectado: No,1725
prenatales_resto_embarazo,zscore_desarrollo_motricidad_fina,ANOVA,1.2410790170359731,0.26541857968100047,False,"{'No': {'n': 122, 'mean': np.float64(-0.1481532786885246), 'std': np.float64(0.7435918388742584), 'risk_classification': {'normal': 107, 'riesgo': 15, 'pct_normal': 87.70491803278688, 'pct_riesgo': 12.295081967213115}}, 'Sí': {'n': 1603, 'mean': np.float64(-0.07188540237055521), 'std': np.float64(0.7278254824701067), 'risk_classification': {'normal': 1470, 'riesgo': 133, 'pct_normal': 91.70305676855895, 'pct_riesgo': 8.296943231441048}}}","{'normality': False, 'homogeneity': True, 'note': 'OK'}",,1725
prenatales_resto_embarazo,zscore_desarrollo_resolucion_problemas,ANOVA,3.5581629132389634,0.059421321357126154,False,"{'No': {'n': 122, 'mean': np.float64(-0.18001229508196723), 'std': np.float64(0.6096896545015827), 'risk_classification': {'normal': 111, 'riesgo': 11, 'pct_normal': 90.98360655737704, 'pct_riesgo': 9.01639344262295}}, 'Sí': {'n': 1603, 'mean': np.float64(-0.059331378665003126), 'std': np.float64(0.6863039477494011), 'risk_classification': {'normal': 1486, 'riesgo': 117, 'pct_normal': 92.7011852776045, 'pct_riesgo': 7.298814722395508}}}","{'normality': False, 'homogeneity': True, 'note': 'OK'}",,1725
prenatales_resto_embarazo,zscore_desarrollo_socio_individual,ANOVA,0.9226695355729371,0.3369097882944234,False,"{'No': {'n': 122, 'mean': np.float64(-0.026792622950819665), 'std': np.float64(0.6646232684411477), 'risk_classification': {'normal': 113, 'riesgo': 9, 'pct_normal': 92.62295081967213, 'pct_riesgo': 7.377049180327869}}, 'Sí': {'n': 1603, 'mean': np.float64(0.03810723643169059), 'std': np.float64(0.72337303712986), 'risk_classification': {'normal': 1487, 'riesgo': 116, 'pct_normal': 92.76356830941984, 'pct_riesgo': 7.2364316905801624}}}","{'normality': False, 'homogeneity': True, 'note': 'OK'}",,1725
servicio_asistencia_parto,zscore_desarrollo_comunicacion,ANOVA,1.6513519015401543,0.15880544321967094,False,"{'CAIMI': {'n': 5, 'mean': np.float64(0.31276), 'std': np.float64(0.5071419209649307), 'risk_classification': {'normal': 5, 'riesgo': 0, 'pct_normal': 100.0, 'pct_riesgo': 0.0}}, 'Comadrona': {'n': 37, 'mean': np.float64(0.29673783783783786), 'std': np.float64(0.6548298338548011), 'risk_classification': {'normal': 35, 'riesgo': 2, 'pct_normal': 94.5945945945946, 'pct_riesgo': 5.405405405405405}}, 'Hospital privado': {'n': 408, 'mean': np.float64(0.14964926470588236), 'std': np.float64(0.7016724387502115), 'risk_classification': {'normal': 386, 'riesgo': 22, 'pct_normal': 94.6078431372549, 'pct_riesgo': 5.392156862745098}}, 'Hospital público': {'n': 1116, 'mean': np.float64(0.084163082437276), 'std': np.float64(0.6881088336714465), 'risk_classification': {'normal': 1048, 'riesgo': 68, 'pct_normal': 93.9068100358423, 'pct_riesgo': 6.093189964157706}}, 'Seguro social': {'n': 159, 'mean': np.float64(0.15103522012578618), 'std': np.float64(0.6886688218730729), 'risk_classification': {'normal': 154, 'riesgo': 5, 'pct_normal': 96.85534591194968, 'pct_riesgo': 3.1446540880503147}}}","{'normality': False, 'homogeneity': True, 'note': 'OK'}",,1725
servicio_asistencia_parto,zscore_desarrollo_motricidad_gruesa,ANOVA,1.3156376854393046,0.26187525601780354,False,"{'CAIMI': {'n': 5, 'mean': np.float64(-0.4777799999999999), 'std': np.float64(1.0426989316192858), 'risk_classification': {'normal': 4, 'riesgo': 1, 'pct_normal': 80.0, 'pct_riesgo': 20.0}}, 'Comadrona': {'n': 37, 'mean': np.float64(0.007086486486486486), 'std': np.float64(0.6591421163410319), 'risk_classification': {'normal': 35, 'riesgo': 2, 'pct_normal': 94.5945945945946, 'pct_riesgo': 5.405405405405405}}, 'Hospital privado': {'n': 408, 'mean': np.float64(-0.2528571078431372), 'std': np.float64(0.8309675450238808), 'risk_classification': {'normal': 338, 'riesgo': 70, 'pct_normal': 82.84313725490196, 'pct_riesgo': 17.15686274509804}}, 'Hospital público': {'n': 1116, 'mean': np.float64(-0.2756715949820788), 'std': np.float64(0.8305879178198452), 'risk_classification': {'normal': 933, 'riesgo': 183, 'pct_normal': 83.60215053763442, 'pct_riesgo': 16.397849462365592}}, 'Seguro social': {'n': 159, 'mean': np.float64(-0.32217735849056606), 'std': np.float64(0.8740410480414136), 'risk_classification': {'normal': 127, 'riesgo': 32, 'pct_normal': 79.87421383647799, 'pct_riesgo': 20.125786163522015}}}","{'normality': False, 'homogeneity': True, 'note': 'OK'}",,1725
servicio_asistencia_parto,zscore_desarrollo_motricidad_fina,ANOVA,0.6910808460864465,0.5981131755748097,False,"{'CAIMI': {'n': 5, 'mean': np.float64(-0.10341999999999998), 'std': np.float64(0.9541909567796165), 'risk_classification': {'normal': 4, 'riesgo': 1, 'pct_normal': 80.0, 'pct_riesgo': 20.0}}, 'Comadrona': {'n': 37, 'mean': np.float64(-0.13792972972972972), 'std': np.float64(0.800903152303304), 'risk_classification': {'normal': 32, 'riesgo': 5, 'pct_normal': 86.48648648648648, 'pct_riesgo': 13.513513513513514}}, 'Hospital privado': {'n': 408, 'mean': np.float64(-0.026767892156862746), 'std': np.float64(0.7072017437493567), 'risk_classification': {'normal': 382, 'riesgo': 26, 'pct_normal': 93.62745098039215, 'pct_riesgo': 6.372549019607843}}, 'Hospital público': {'n': 1116, 'mean': np.float64(-0.08978521505376345), 'std': np.float64(0.7304200712533367), 'risk_classification': {'normal': 1011, 'riesgo': 105, 'pct_normal': 90.59139784946237, 'pct_riesgo': 9.408602150537634}}, 'Seguro social': {'n': 159, 'mean': np.float64(-0.1041817610062893), 'std': np.float64(0.7529054496975175), 'risk_classification': {'normal': 148, 'riesgo': 11, 'pct_normal': 93.08176100628931, 'pct_riesgo': 6.918238993710692}}}","{'normality': False, 'homogeneity': True, 'note': 'OK'}",,1725
servicio_asistencia_parto,zscore_desarrollo_resolucion_problemas,ANOVA,0.731423963117553,0.5704692902611579,False,"{'CAIMI': {'n': 5, 'mean': np.float64(-0.48200000000000004), 'std': np.float64(1.0127576437628105), 'risk_classification': {'normal': 4, 'riesgo': 1, 'pct_normal': 80.0, 'pct_riesgo': 20.0}}, 'Comadrona': {'n': 37, 'mean': np.float64(0.01954324324324322), 'std': np.float64(0.6533697462389121), 'risk_classification': {'normal': 34, 'riesgo': 3, 'pct_normal': 91.8918918918919, 'pct_riesgo': 8.108108108108109}}, 'Hospital privado': {'n': 408, 'mean': np.float64(-0.04888480392156862), 'std': np.float64(0.7063134131576079), 'risk_classification': {'normal': 375, 'riesgo': 33, 'pct_normal': 91.91176470588235, 'pct_riesgo': 8.088235294117647}}, 'Hospital público': {'n': 1116, 'mean': np.float64(-0.07374292114695341), 'std': np.float64(0.6561790533653185), 'risk_classification': {'normal': 1040, 'riesgo': 76, 'pct_normal': 93.1899641577061, 'pct_riesgo': 6.810035842293908}}, 'Seguro social': {'n': 159, 'mean': np.float64(-0.08264591194968553), 'std': np.float64(0.7844650135192223), 'risk_classification': {'normal': 144, 'riesgo': 15, 'pct_normal': 90.56603773584906, 'pct_riesgo': 9.433962264150944}}}","{'normality': False, 'homogeneity': True, 'note': 'OK'}",,1725
servicio_asistencia_parto,zscore_desarrollo_socio_individual,Welch's ANOVA,2.408017443318852,0.07243569252255869,False,"{'CAIMI': {'n': 5, 'mean': np.float64(0.07142), 'std': np.float64(0.4453235587749653), 'risk_classification': {'normal': 5, 'riesgo': 0, 'pct_normal': 100.0, 'pct_riesgo': 0.0}}, 'Comadrona': {'n': 37, 'mean': np.float64(0.3215162162162162), 'std': np.float64(0.5823779373842659), 'risk_classification': {'normal': 36, 'riesgo': 1, 'pct_normal': 97.2972972972973, 'pct_riesgo': 2.7027027027027026}}, 'Hospital privado': {'n': 408, 'mean': np.float64(0.018991911764705865), 'std': np.float64(0.7644912975230482), 'risk_classification': {'normal': 368, 'riesgo': 40, 'pct_normal': 90.19607843137256, 'pct_riesgo': 9.803921568627452}}, 'Hospital público': {'n': 1116, 'mean': np.float64(0.036955824372759856), 'std': np.float64(0.7130570442983124), 'risk_classification': {'normal': 1043, 'riesgo': 73, 'pct_normal': 93.45878136200717, 'pct_riesgo': 6.5412186379928325}}, 'Seguro social': {'n': 159, 'mean': np.float64(-0.0215559748427673), 'std': np.float64(0.6691650152763304), 'risk_classification': {'normal': 148, 'riesgo': 11, 'pct_normal': 93.08176100628931, 'pct_riesgo': 6.918238993710692}}}","{'normality': False, 'homogeneity': False, 'note': 'OK'}",,1725
tipo_parto,zscore_desarrollo_comunicacion,Welch's ANOVA,2.255921828674318,0.10557879847881949,False,"{'Cesárea de emergencia': {'n': 316, 'mean': np.float64(0.17540791139240502), 'std': np.float64(0.7544115820161222), 'risk_classification': {'normal': 295, 'riesgo': 21, 'pct_normal': 93.35443037974683, 'pct_riesgo': 6.645569620253164}}, 'Cesárea electiva': {'n': 392, 'mean': np.float64(0.1330339285714286), 'std': np.float64(0.715358003015009), 'risk_classification': {'normal': 366, 'riesgo': 26, 'pct_normal': 93.36734693877551, 'pct_riesgo': 6.63265306122449}}, 'Parto eutócico': {'n': 1017, 'mean': np.float64(0.08255889872173057), 'std': np.float64(0.6589675371082899), 'risk_classification': {'normal': 967, 'riesgo': 50, 'pct_normal': 95.08357915437561, 'pct_riesgo': 4.916420845624385}}}","{'normality': False, 'homogeneity': False, 'note': 'OK'}",,1725
tipo_parto,zscore_desarrollo_motricidad_gruesa,Welch's ANOVA,0.04462523347049555,0.9563587528217423,False,"{'Cesárea de emergencia': {'n': 316, 'mean': np.float64(-0.2821471518987342), 'std': np.float64(0.946176960507408), 'risk_classification': {'normal': 251, 'riesgo': 65, 'pct_normal': 79.43037974683544, 'pct_riesgo': 20.569620253164558}}, 'Cesárea electiva': {'n': 392, 'mean': np.float64(-0.26183392857142856), 'std': np.float64(0.8732486081926257), 'risk_classification': {'normal': 327, 'riesgo': 65, 'pct_normal': 83.41836734693877, 'pct_riesgo': 16.581632653061224}}, 'Parto eutócico': {'n': 1017, 'mean': np.float64(-0.2678177974434612), 'std': np.float64(0.7776044625419936), 'risk_classification': {'normal': 859, 'riesgo': 158, 'pct_normal': 84.46411012782694, 'pct_riesgo': 15.535889872173058}}}","{'normality': False, 'homogeneity': False, 'note': 'OK'}",,1725
tipo_parto,zscore_desarrollo_motricidad_fina,ANOVA,0.7723850298913132,0.4620700427326764,False,"{'Cesárea de emergencia': {'n': 316, 'mean': np.float64(-0.040566455696202534), 'std': np.float64(0.7143555372955811), 'risk_classification': {'normal': 285, 'riesgo': 31, 'pct_normal': 90.18987341772153, 'pct_riesgo': 9.81012658227848}}, 'Cesárea electiva': {'n': 392, 'mean': np.float64(-0.10900510204081632), 'std': np.float64(0.7283014437485552), 'risk_classification': {'normal': 362, 'riesgo': 30, 'pct_normal': 92.3469387755102, 'pct_riesgo': 7.653061224489796}}, 'Parto eutócico': {'n': 1017, 'mean': np.float64(-0.07645821042281219), 'std': np.float64(0.7339013305923483), 'risk_classification': {'normal': 930, 'riesgo': 87, 'pct_normal': 91.44542772861357, 'pct_riesgo': 8.55457227138643}}}","{'normality': False, 'homogeneity': True, 'note': 'OK'}",,1725
tipo_parto,zscore_desarrollo_resolucion_problemas,Welch's ANOVA,0.189183319371009,0.8276795826663503,False,"{'Cesárea de emergencia': {'n': 316, 'mean': np.float64(-0.051836075949367094), 'std': np.float64(0.7352126975446643), 'risk_classification': {'normal': 288, 'riesgo': 28, 'pct_normal': 91.13924050632912, 'pct_riesgo': 8.860759493670885}}, 'Cesárea electiva': {'n': 392, 'mean': np.float64(-0.058868112244897956), 'std': np.float64(0.7269304824539441), 'risk_classification': {'normal': 364, 'riesgo': 28, 'pct_normal': 92.85714285714286, 'pct_riesgo': 7.142857142857142}}, 'Parto eutócico': {'n': 1017, 'mean': np.float64(-0.07631583087512292), 'std': np.float64(0.6460983612093475), 'risk_classification': {'normal': 945, 'riesgo': 72, 'pct_normal': 92.92035398230088, 'pct_riesgo': 7.079646017699115}}}","{'normality': False, 'homogeneity': False, 'note': 'OK'}",,1725
tipo_parto,zscore_desarrollo_socio_individual,Welch's ANOVA,0.8234008955558104,0.4393789306371759,False,"{'Cesárea de emergencia': {'n': 316, 'mean': np.float64(0.02274493670886076), 'std': np.float64(0.7807484366957471), 'risk_classification': {'normal': 288, 'riesgo': 28, 'pct_normal': 91.13924050632912, 'pct_riesgo': 8.860759493670885}}, 'Cesárea electiva': {'n': 392, 'mean': np.float64(0.07489515306122449), 'std': np.float64(0.7314388107798669), 'risk_classification': {'normal': 368, 'riesgo': 24, 'pct_normal': 93.87755102040816, 'pct_riesgo': 6.122448979591836}}, 'Parto eutócico': {'n': 1017, 'mean': np.float64(0.020915339233038347), 'std': np.float64(0.6945605543947693), 'risk_classification': {'normal': 944, 'riesgo': 73, 'pct_normal': 92.8220255653884, 'pct_riesgo': 7.1779744346116034}}}","{'normality': False, 'homogeneity': False, 'note': 'OK'}",,1725
razon_cesarea_emergencia,zscore_desarrollo_comunicacion,ANOVA,1.816131905165449,0.0413593086912944,True,"{'Anhidramnios': {'n': 80, 'mean': np.float64(0.20973625), 'std': np.float64(0.6609148625237193), 'risk_classification': {'normal': 76, 'riesgo': 4, 'pct_normal': 95.0, 'pct_riesgo': 5.0}}, 'Anhidramnios ': {'n': 10, 'mean': np.float64(0.055909999999999974), 'std': np.float64(1.27529570204979), 'risk_classification': {'normal': 8, 'riesgo': 2, 'pct_normal': 80.0, 'pct_riesgo': 20.0}}, 'Anidramnios': {'n': 37, 'mean': np.float64(0.034570270270270265), 'std': np.float64(0.7014259012361356), 'risk_classification': {'normal': 33, 'riesgo': 4, 'pct_normal': 89.1891891891892, 'pct_riesgo': 10.81081081081081}}, 'Distocia del parto': {'n': 4, 'mean': np.float64(0.70045), 'std': np.float64(0.8091010587889089), 'risk_classification': {'normal': 4, 'riesgo': 0, 'pct_normal': 100.0, 'pct_riesgo': 0.0}}, 'No tp': {'n': 3, 'mean': np.float64(-0.7714666666666666), 'std': np.float64(1.4788272425585531), 'risk_classification': {'normal': 2, 'riesgo': 1, 'pct_normal': 66.66666666666666, 'pct_riesgo': 33.33333333333333}}, 'Oligohidramnios': {'n': 6, 'mean': np.float64(0.008233333333333322), 'std': np.float64(0.5757318148814313), 'risk_classification': {'normal': 6, 'riesgo': 0, 'pct_normal': 100.0, 'pct_riesgo': 0.0}}, 'Preclampsia ': {'n': 7, 'mean': np.float64(-0.5404857142857142), 'std': np.float64(0.9453464557655946), 'risk_classification': {'normal': 6, 'riesgo': 1, 'pct_normal': 85.71428571428571, 'pct_riesgo': 14.285714285714285}}, 'Preeclampsia': {'n': 23, 'mean': np.float64(0.26916521739130433), 'std': np.float64(0.6918893116996886), 'risk_classification': {'normal': 21, 'riesgo': 2, 'pct_normal': 91.30434782608695, 'pct_riesgo': 8.695652173913043}}, 'Preeclampsia ': {'n': 4, 'mean': np.float64(0.55945), 'std': np.float64(0.5394475538301508), 'risk_classification': {'normal': 4, 'riesgo': 0, 'pct_normal': 100.0, 'pct_riesgo': 0.0}}, 'Presentacion podalica': {'n': 6, 'mean': np.float64(0.26155), 'std': np.float64(0.7055411447959644), 'risk_classification': {'normal': 6, 'riesgo': 0, 'pct_normal': 100.0, 'pct_riesgo': 0.0}}, 'Sufrimiento fetal': {'n': 52, 'mean': np.float64(-0.00802884615384616), 'std': np.float64(0.5157486933010881), 'risk_classification': {'normal': 51, 'riesgo': 1, 'pct_normal': 98.07692307692307, 'pct_riesgo': 1.9230769230769231}}, 'Sufrimiento fetal ': {'n': 12, 'mean': np.float64(0.22993333333333332), 'std': np.float64(0.9555593871781294), 'risk_classification': {'normal': 11, 'riesgo': 1, 'pct_normal': 91.66666666666666, 'pct_riesgo': 8.333333333333332}}, 'Sufrimiento fetal agudo': {'n': 6, 'mean': np.float64(0.4819), 'std': np.float64(0.916711350426076), 'risk_classification': {'normal': 6, 'riesgo': 0, 'pct_normal': 100.0, 'pct_riesgo': 0.0}}, 'Taquicardia fetal': {'n': 3, 'mean': np.float64(0.723), 'std': np.float64(0.3724361287523003), 'risk_classification': {'normal': 3, 'riesgo': 0, 'pct_normal': 100.0, 'pct_riesgo': 0.0}}}","{'normality': False, 'homogeneity': True, 'note': 'OK'}",,316
razon_cesarea_emergencia,zscore_desarrollo_motricidad_gruesa,ANOVA,0.9525678482718603,0.49929605510716435,False,"{'Anhidramnios': {'n': 80, 'mean': np.float64(-0.23459625), 'std': np.float64(0.7614761765505957), 'risk_classification': {'normal': 67, 'riesgo': 13, 'pct_normal': 83.75, 'pct_riesgo': 16.25}}, 'Anhidramnios ': {'n': 10, 'mean': np.float64(-0.41800000000000004), 'std': np.float64(1.4396933400322907), 'risk_classification': {'normal': 8, 'riesgo': 2, 'pct_normal': 80.0, 'pct_riesgo': 20.0}}, 'Anidramnios': {'n': 37, 'mean': np.float64(-0.4670216216216215), 'std': np.float64(0.8181472762471501), 'risk_classification': {'normal': 27, 'riesgo': 10, 'pct_normal': 72.97297297297297, 'pct_riesgo': 27.027027027027028}}, 'Distocia del parto': {'n': 4, 'mean': np.float64(0.17672500000000002), 'std': np.float64(0.8010004634830119), 'risk_classification': {'normal': 4, 'riesgo': 0, 'pct_normal': 100.0, 'pct_riesgo': 0.0}}, 'No tp': {'n': 3, 'mean': np.float64(-0.6722666666666667), 'std': np.float64(1.52808508052835), 'risk_classification': {'normal': 2, 'riesgo': 1, 'pct_normal': 66.66666666666666, 'pct_riesgo': 33.33333333333333}}, 'Oligohidramnios': {'n': 6, 'mean': np.float64(-0.7657166666666666), 'std': np.float64(0.6236852328431921), 'risk_classification': {'normal': 3, 'riesgo': 3, 'pct_normal': 50.0, 'pct_riesgo': 50.0}}, 'Preclampsia ': {'n': 7, 'mean': np.float64(-0.2395), 'std': np.float64(0.7973444529603668), 'risk_classification': {'normal': 5, 'riesgo': 2, 'pct_normal': 71.42857142857143, 'pct_riesgo': 28.57142857142857}}, 'Preeclampsia': {'n': 23, 'mean': np.float64(-0.1697391304347826), 'std': np.float64(1.0177566992428766), 'risk_classification': {'normal': 20, 'riesgo': 3, 'pct_normal': 86.95652173913044, 'pct_riesgo': 13.043478260869565}}, 'Preeclampsia ': {'n': 4, 'mean': np.float64(0.3246), 'std': np.float64(0.4748721933320586), 'risk_classification': {'normal': 4, 'riesgo': 0, 'pct_normal': 100.0, 'pct_riesgo': 0.0}}, 'Presentacion podalica': {'n': 6, 'mean': np.float64(-0.09916666666666664), 'std': np.float64(0.7788658515217282), 'risk_classification': {'normal': 5, 'riesgo': 1, 'pct_normal': 83.33333333333334, 'pct_riesgo': 16.666666666666664}}, 'Sufrimiento fetal': {'n': 52, 'mean': np.float64(-0.4401788461538461), 'std': np.float64(0.7217889079107245), 'risk_classification': {'normal': 38, 'riesgo': 14, 'pct_normal': 73.07692307692307, 'pct_riesgo': 26.923076923076923}}, 'Sufrimiento fetal ': {'n': 12, 'mean': np.float64(-0.63225), 'std': np.float64(1.1778156179979955), 'risk_classification': {'normal': 8, 'riesgo': 4, 'pct_normal': 66.66666666666666, 'pct_riesgo': 33.33333333333333}}, 'Sufrimiento fetal agudo': {'n': 6, 'mean': np.float64(-0.07938333333333335), 'std': np.float64(1.277626025747232), 'risk_classification': {'normal': 4, 'riesgo': 2, 'pct_normal': 66.66666666666666, 'pct_riesgo': 33.33333333333333}}, 'Taquicardia fetal': {'n': 3, 'mean': np.float64(0.053233333333333355), 'std': np.float64(0.6328219523162367), 'risk_classification': {'normal': 3, 'riesgo': 0, 'pct_normal': 100.0, 'pct_riesgo': 0.0}}}","{'normality': False, 'homogeneity': True, 'note': 'OK'}",,316
razon_cesarea_emergencia,zscore_desarrollo_motricidad_fina,ANOVA,0.5879404081338776,0.8628656328040587,False,"{'Anhidramnios': {'n': 80, 'mean': np.float64(-0.09988625), 'std': np.float64(0.6595520155385391), 'risk_classification': {'normal': 73, 'riesgo': 7, 'pct_normal': 91.25, 'pct_riesgo': 8.75}}, 'Anhidramnios ': {'n': 10, 'mean': np.float64(-0.2978900000000001), 'std': np.float64(1.188662674745587), 'risk_classification': {'normal': 8, 'riesgo': 2, 'pct_normal': 80.0, 'pct_riesgo': 20.0}}, 'Anidramnios': {'n': 37, 'mean': np.float64(-0.010797297297297299), 'std': np.float64(0.6031471400019174), 'risk_classification': {'normal': 33, 'riesgo': 4, 'pct_normal': 89.1891891891892, 'pct_riesgo': 10.81081081081081}}, 'Distocia del parto': {'n': 4, 'mean': np.float64(0.04445), 'std': np.float64(0.7416125875415007), 'risk_classification': {'normal': 4, 'riesgo': 0, 'pct_normal': 100.0, 'pct_riesgo': 0.0}}, 'No tp': {'n': 3, 'mean': np.float64(-0.7049333333333333), 'std': np.float64(1.5743924616604759), 'risk_classification': {'normal': 2, 'riesgo': 1, 'pct_normal': 66.66666666666666, 'pct_riesgo': 33.33333333333333}}, 'Oligohidramnios': {'n': 6, 'mean': np.float64(0.07965000000000001), 'std': np.float64(0.5100010656851611), 'risk_classification': {'normal': 6, 'riesgo': 0, 'pct_normal': 100.0, 'pct_riesgo': 0.0}}, 'Preclampsia ': {'n': 7, 'mean': np.float64(-0.10498571428571431), 'std': np.float64(0.7202251833710793), 'risk_classification': {'normal': 6, 'riesgo': 1, 'pct_normal': 85.71428571428571, 'pct_riesgo': 14.285714285714285}}, 'Preeclampsia': {'n': 23, 'mean': np.float64(0.05500000000000001), 'std': np.float64(0.6279386015150902), 'risk_classification': {'normal': 22, 'riesgo': 1, 'pct_normal': 95.65217391304348, 'pct_riesgo': 4.3478260869565215}}, 'Preeclampsia ': {'n': 4, 'mean': np.float64(0.05875), 'std': np.float64(0.7182797249911299), 'risk_classification': {'normal': 4, 'riesgo': 0, 'pct_normal': 100.0, 'pct_riesgo': 0.0}}, 'Presentacion podalica': {'n': 6, 'mean': np.float64(0.22401666666666667), 'std': np.float64(0.5825108905991945), 'risk_classification': {'normal': 6, 'riesgo': 0, 'pct_normal': 100.0, 'pct_riesgo': 0.0}}, 'Sufrimiento fetal': {'n': 52, 'mean': np.float64(-0.022759615384615375), 'std': np.float64(0.734066525611527), 'risk_classification': {'normal': 46, 'riesgo': 6, 'pct_normal': 88.46153846153845, 'pct_riesgo': 11.538461538461538}}, 'Sufrimiento fetal ': {'n': 12, 'mean': np.float64(0.10690833333333331), 'std': np.float64(0.5677159188094844), 'risk_classification': {'normal': 12, 'riesgo': 0, 'pct_normal': 100.0, 'pct_riesgo': 0.0}}, 'Sufrimiento fetal agudo': {'n': 6, 'mean': np.float64(0.17584999999999998), 'std': np.float64(1.147242530156549), 'risk_classification': {'normal': 5, 'riesgo': 1, 'pct_normal': 83.33333333333334, 'pct_riesgo': 16.666666666666664}}, 'Taquicardia fetal': {'n': 3, 'mean': np.float64(-0.35989999999999994), 'std': np.float64(1.3574111352129097), 'risk_classification': {'normal': 2, 'riesgo': 1, 'pct_normal': 66.66666666666666, 'pct_riesgo': 33.33333333333333}}}","{'normality': False, 'homogeneity': True, 'note': 'OK'}",,316
razon_cesarea_emergencia,zscore_desarrollo_resolucion_problemas,ANOVA,1.5797883052363293,0.09152456480139308,False,"{'Anhidramnios': {'n': 80, 'mean': np.float64(0.021219999999999992), 'std': np.float64(0.6229713103498326), 'risk_classification': {'normal': 76, 'riesgo': 4, 'pct_normal': 95.0, 'pct_riesgo': 5.0}}, 'Anhidramnios ': {'n': 10, 'mean': np.float64(-0.39310000000000006), 'std': np.float64(1.2416506289792004), 'risk_classification': {'normal': 7, 'riesgo': 3, 'pct_normal': 70.0, 'pct_riesgo': 30.0}}, 'Anidramnios': {'n': 37, 'mean': np.float64(0.08757027027027027), 'std': np.float64(0.6524584856375771), 'risk_classification': {'normal': 36, 'riesgo': 1, 'pct_normal': 97.2972972972973, 'pct_riesgo': 2.7027027027027026}}, 'Distocia del parto': {'n': 4, 'mean': np.float64(0.2157), 'std': np.float64(0.9544171799236083), 'risk_classification': {'normal': 3, 'riesgo': 1, 'pct_normal': 75.0, 'pct_riesgo': 25.0}}, 'No tp': {'n': 3, 'mean': np.float64(-0.7979666666666668), 'std': np.float64(1.6020139522904704), 'risk_classification': {'normal': 2, 'riesgo': 1, 'pct_normal': 66.66666666666666, 'pct_riesgo': 33.33333333333333}}, 'Oligohidramnios': {'n': 6, 'mean': np.float64(-0.22560000000000002), 'std': np.float64(0.7116544189422279), 'risk_classification': {'normal': 5, 'riesgo': 1, 'pct_normal': 83.33333333333334, 'pct_riesgo': 16.666666666666664}}, 'Preclampsia ': {'n': 7, 'mean': np.float64(-0.4691428571428572), 'std': np.float64(1.1759318614856658), 'risk_classification': {'normal': 5, 'riesgo': 2, 'pct_normal': 71.42857142857143, 'pct_riesgo': 28.57142857142857}}, 'Preeclampsia': {'n': 23, 'mean': np.float64(-0.06481304347826086), 'std': np.float64(0.7449306089125763), 'risk_classification': {'normal': 20, 'riesgo': 3, 'pct_normal': 86.95652173913044, 'pct_riesgo': 13.043478260869565}}, 'Preeclampsia ': {'n': 4, 'mean': np.float64(-0.455325), 'std': np.float64(0.4143636838575504), 'risk_classification': {'normal': 4, 'riesgo': 0, 'pct_normal': 100.0, 'pct_riesgo': 0.0}}, 'Presentacion podalica': {'n': 6, 'mean': np.float64(-0.31315), 'std': np.float64(0.7930637244257236), 'risk_classification': {'normal': 5, 'riesgo': 1, 'pct_normal': 83.33333333333334, 'pct_riesgo': 16.666666666666664}}, 'Sufrimiento fetal': {'n': 52, 'mean': np.float64(-0.1750192307692307), 'std': np.float64(0.6087329528276092), 'risk_classification': {'normal': 48, 'riesgo': 4, 'pct_normal': 92.3076923076923, 'pct_riesgo': 7.6923076923076925}}, 'Sufrimiento fetal ': {'n': 12, 'mean': np.float64(-0.13656666666666664), 'std': np.float64(0.587899902323104), 'risk_classification': {'normal': 11, 'riesgo': 1, 'pct_normal': 91.66666666666666, 'pct_riesgo': 8.333333333333332}}, 'Sufrimiento fetal agudo': {'n': 6, 'mean': np.float64(0.48761666666666664), 'std': np.float64(0.6208445712629423), 'risk_classification': {'normal': 6, 'riesgo': 0, 'pct_normal': 100.0, 'pct_riesgo': 0.0}}, 'Taquicardia fetal': {'n': 3, 'mean': np.float64(0.5093666666666667), 'std': np.float64(0.3332568128835978), 'risk_classification': {'normal': 3, 'riesgo': 0, 'pct_normal': 100.0, 'pct_riesgo': 0.0}}}","{'normality': True, 'homogeneity': True, 'note': 'OK'}",,316
razon_cesarea_emergencia,zscore_desarrollo_socio_individual,ANOVA,0.6733361974652636,0.7883828628653851,False,"{'Anhidramnios': {'n': 80, 'mean': np.float64(0.032926250000000004), 'std': np.float64(0.7146599243906596), 'risk_classification': {'normal': 73, 'riesgo': 7, 'pct_normal': 91.25, 'pct_riesgo': 8.75}}, 'Anhidramnios ': {'n': 10, 'mean': np.float64(-0.23524000000000006), 'std': np.float64(1.2742211034370936), 'risk_classification': {'normal': 8, 'riesgo': 2, 'pct_normal': 80.0, 'pct_riesgo': 20.0}}, 'Anidramnios': {'n': 37, 'mean': np.float64(-0.09739999999999999), 'std': np.float64(0.7337097643709899), 'risk_classification': {'normal': 33, 'riesgo': 4, 'pct_normal': 89.1891891891892, 'pct_riesgo': 10.81081081081081}}, 'Distocia del parto': {'n': 4, 'mean': np.float64(-0.10610000000000003), 'std': np.float64(0.8981955280820912), 'risk_classification': {'normal': 4, 'riesgo': 0, 'pct_normal': 100.0, 'pct_riesgo': 0.0}}, 'No tp': {'n': 3, 'mean': np.float64(-0.9672999999999999), 'std': np.float64(0.7947630841955357), 'risk_classification': {'normal': 2, 'riesgo': 1, 'pct_normal': 66.66666666666666, 'pct_riesgo': 33.33333333333333}}, 'Oligohidramnios': {'n': 6, 'mean': np.float64(-0.03818333333333335), 'std': np.float64(0.6409403011721659), 'risk_classification': {'normal': 6, 'riesgo': 0, 'pct_normal': 100.0, 'pct_riesgo': 0.0}}, 'Preclampsia ': {'n': 7, 'mean': np.float64(-0.0871714285714286), 'std': np.float64(0.6869997081859781), 'risk_classification': {'normal': 6, 'riesgo': 1, 'pct_normal': 85.71428571428571, 'pct_riesgo': 14.285714285714285}}, 'Preeclampsia': {'n': 23, 'mean': np.float64(0.1876869565217391), 'std': np.float64(0.8005790179070668), 'risk_classification': {'normal': 22, 'riesgo': 1, 'pct_normal': 95.65217391304348, 'pct_riesgo': 4.3478260869565215}}, 'Preeclampsia ': {'n': 4, 'mean': np.float64(0.27092499999999997), 'std': np.float64(0.6306127886164905), 'risk_classification': {'normal': 4, 'riesgo': 0, 'pct_normal': 100.0, 'pct_riesgo': 0.0}}, 'Presentacion podalica': {'n': 6, 'mean': np.float64(-0.09518333333333334), 'std': np.float64(1.0648977066679532), 'risk_classification': {'normal': 5, 'riesgo': 1, 'pct_normal': 83.33333333333334, 'pct_riesgo': 16.666666666666664}}, 'Sufrimiento fetal': {'n': 52, 'mean': np.float64(-0.05051730769230768), 'std': np.float64(0.646804337393497), 'risk_classification': {'normal': 49, 'riesgo': 3, 'pct_normal': 94.23076923076923, 'pct_riesgo': 5.769230769230769}}, 'Sufrimiento fetal ': {'n': 12, 'mean': np.float64(-0.005825000000000006), 'std': np.float64(1.1410120915023405), 'risk_classification': {'normal': 10, 'riesgo': 2, 'pct_normal': 83.33333333333334, 'pct_riesgo': 16.666666666666664}}, 'Sufrimiento fetal agudo': {'n': 6, 'mean': np.float64(0.16444999999999999), 'std': np.float64(0.8385825010098887), 'risk_classification': {'normal': 5, 'riesgo': 1, 'pct_normal': 83.33333333333334, 'pct_riesgo': 16.666666666666664}}, 'Taquicardia fetal': {'n': 3, 'mean': np.float64(0.17106666666666662), 'std': np.float64(1.4242518644303521), 'risk_classification': {'normal': 2, 'riesgo': 1, 'pct_normal': 66.66666666666666, 'pct_riesgo': 33.33333333333333}}}","{'normality': False, 'homogeneity': True, 'note': 'OK'}",,316
lactancia_primeros_6_meses,zscore_desarrollo_comunicacion,Welch's ANOVA,1.165728637810423,0.31306034253664544,False,"{'Fórmula infantil': {'n': 135, 'mean': np.float64(0.10663407407407409), 'std': np.float64(0.7403652153592003), 'risk_classification': {'normal': 124, 'riesgo': 11, 'pct_normal': 91.85185185185185, 'pct_riesgo': 8.148148148148149}}, 'Lactancia materna exclusiva': {'n': 1254, 'mean': np.float64(0.12590909090909091), 'std': np.float64(0.6687889751820904), 'risk_classification': {'normal': 1190, 'riesgo': 64, 'pct_normal': 94.896331738437, 'pct_riesgo': 5.103668261562999}}, 'Mixta': {'n': 336, 'mean': np.float64(0.057306547619047625), 'std': np.float64(0.7486029303709583), 'risk_classification': {'normal': 314, 'riesgo': 22, 'pct_normal': 93.45238095238095, 'pct_riesgo': 6.547619047619048}}}","{'normality': False, 'homogeneity': False, 'note': 'OK'}",,1725
lactancia_primeros_6_meses,zscore_desarrollo_motricidad_gruesa,ANOVA,0.1497242677692585,0.8609565408177686,False,"{'Fórmula infantil': {'n': 135, 'mean': np.float64(-0.2997762962962963), 'std': np.float64(0.8374936527455985), 'risk_classification': {'normal': 109, 'riesgo': 26, 'pct_normal': 80.74074074074075, 'pct_riesgo': 19.25925925925926}}, 'Lactancia materna exclusiva': {'n': 1254, 'mean': np.float64(-0.2630492822966507), 'std': np.float64(0.829014114258345), 'risk_classification': {'normal': 1044, 'riesgo': 210, 'pct_normal': 83.25358851674642, 'pct_riesgo': 16.74641148325359}}, 'Mixta': {'n': 336, 'mean': np.float64(-0.27926934523809527), 'std': np.float64(0.8450889784014991), 'risk_classification': {'normal': 284, 'riesgo': 52, 'pct_normal': 84.52380952380952, 'pct_riesgo': 15.476190476190476}}}","{'normality': False, 'homogeneity': True, 'note': 'OK'}",,1725
lactancia_primeros_6_meses,zscore_desarrollo_motricidad_fina,ANOVA,0.3400419438890854,0.7117882498089623,False,"{'Fórmula infantil': {'n': 135, 'mean': np.float64(-0.11647407407407408), 'std': np.float64(0.7931737758216597), 'risk_classification': {'normal': 121, 'riesgo': 14, 'pct_normal': 89.62962962962962, 'pct_riesgo': 10.37037037037037}}, 'Lactancia materna exclusiva': {'n': 1254, 'mean': np.float64(-0.06915199362041466), 'std': np.float64(0.730032751208604), 'risk_classification': {'normal': 1149, 'riesgo': 105, 'pct_normal': 91.6267942583732, 'pct_riesgo': 8.373205741626794}}, 'Mixta': {'n': 336, 'mean': np.float64(-0.09186428571428572), 'std': np.float64(0.6991320529748308), 'risk_classification': {'normal': 307, 'riesgo': 29, 'pct_normal': 91.36904761904762, 'pct_riesgo': 8.630952380952381}}}","{'normality': False, 'homogeneity': True, 'note': 'OK'}",,1725
lactancia_primeros_6_meses,zscore_desarrollo_resolucion_problemas,ANOVA,0.35212620929571864,0.7032419885087663,False,"{'Fórmula infantil': {'n': 135, 'mean': np.float64(-0.11178814814814815), 'std': np.float64(0.7282020577239607), 'risk_classification': {'normal': 123, 'riesgo': 12, 'pct_normal': 91.11111111111111, 'pct_riesgo': 8.88888888888889}}, 'Lactancia materna exclusiva': {'n': 1254, 'mean': np.float64(-0.06138381180223283), 'std': np.float64(0.6782338984735362), 'risk_classification': {'normal': 1164, 'riesgo': 90, 'pct_normal': 92.82296650717703, 'pct_riesgo': 7.177033492822966}}, 'Mixta': {'n': 336, 'mean': np.float64(-0.07441369047619048), 'std': np.float64(0.6767483340010564), 'risk_classification': {'normal': 310, 'riesgo': 26, 'pct_normal': 92.26190476190477, 'pct_riesgo': 7.738095238095238}}}","{'normality': False, 'homogeneity': True, 'note': 'OK'}",,1725
lactancia_primeros_6_meses,zscore_desarrollo_socio_individual,ANOVA,0.8287920549966588,0.43675039903216595,False,"{'Fórmula infantil': {'n': 135, 'mean': np.float64(-0.034258518518518535), 'std': np.float64(0.7458936848921353), 'risk_classification': {'normal': 125, 'riesgo': 10, 'pct_normal': 92.5925925925926, 'pct_riesgo': 7.4074074074074066}}, 'Lactancia materna exclusiva': {'n': 1254, 'mean': np.float64(0.03368492822966506), 'std': np.float64(0.7137280670977451), 'risk_classification': {'normal': 1163, 'riesgo': 91, 'pct_normal': 92.74322169059012, 'pct_riesgo': 7.256778309409888}}, 'Mixta': {'n': 336, 'mean': np.float64(0.06012261904761906), 'std': np.float64(0.7299653365887862), 'risk_classification': {'normal': 312, 'riesgo': 24, 'pct_normal': 92.85714285714286, 'pct_riesgo': 7.142857142857142}}}","{'normality': False, 'homogeneity': True, 'note': 'OK'}",,1725
lactancia_6-12_meses,zscore_desarrollo_comunicacion,ANOVA,0.2589303575514008,0.7719100071748042,False,"{'Fórmula infantil': {'n': 125, 'mean': np.float64(0.10777840000000002), 'std': np.float64(0.6895428738903066), 'risk_classification': {'normal': 117, 'riesgo': 8, 'pct_normal': 93.60000000000001, 'pct_riesgo': 6.4}}, 'Lactancia materna exclusiva': {'n': 867, 'mean': np.float64(0.1226448673587082), 'std': np.float64(0.6392983545100704), 'risk_classification': {'normal': 834, 'riesgo': 33, 'pct_normal': 96.19377162629758, 'pct_riesgo': 3.8062283737024223}}, 'Mixta': {'n': 568, 'mean': np.float64(0.09667323943661972), 'std': np.float64(0.7155935236072507), 'risk_classification': {'normal': 529, 'riesgo': 39, 'pct_normal': 93.13380281690141, 'pct_riesgo': 6.866197183098592}}}","{'normality': False, 'homogeneity': True, 'note': 'OK'}",,1560
lactancia_6-12_meses,zscore_desarrollo_motricidad_gruesa,ANOVA,1.0776732317116877,0.3406403634650985,False,"{'Fórmula infantil': {'n': 125, 'mean': np.float64(-0.2551712), 'std': np.float64(0.8400970507314867), 'risk_classification': {'normal': 105, 'riesgo': 20, 'pct_normal': 84.0, 'pct_riesgo': 16.0}}, 'Lactancia materna exclusiva': {'n': 867, 'mean': np.float64(-0.19775397923875432), 'std': np.float64(0.747944580107361), 'risk_classification': {'normal': 741, 'riesgo': 126, 'pct_normal': 85.46712802768167, 'pct_riesgo': 14.53287197231834}}, 'Mixta': {'n': 568, 'mean': np.float64(-0.2543915492957746), 'std': np.float64(0.757106064876932), 'risk_classification': {'normal': 475, 'riesgo': 93, 'pct_normal': 83.62676056338029, 'pct_riesgo': 16.37323943661972}}}","{'normality': False, 'homogeneity': True, 'note': 'OK'}",,1560
lactancia_6-12_meses,zscore_desarrollo_motricidad_fina,ANOVA,3.5064316385572085,0.030240940293411324,True,"{'Fórmula infantil': {'n': 125, 'mean': np.float64(-0.139624), 'std': np.float64(0.8484485673008345), 'risk_classification': {'normal': 108, 'riesgo': 17, 'pct_normal': 86.4, 'pct_riesgo': 13.600000000000001}}, 'Lactancia materna exclusiva': {'n': 867, 'mean': np.float64(-0.10849653979238755), 'std': np.float64(0.7045355284950509), 'risk_classification': {'normal': 794, 'riesgo': 73, 'pct_normal': 91.58016147635524, 'pct_riesgo': 8.419838523644751}}, 'Mixta': {'n': 568, 'mean': np.float64(-0.01334401408450703), 'std': np.float64(0.7170484366437222), 'risk_classification': {'normal': 524, 'riesgo': 44, 'pct_normal': 92.25352112676056, 'pct_riesgo': 7.746478873239436}}}","{'normality': False, 'homogeneity': True, 'note': 'OK'}",Grupo más afectado: Fórmula infantil,1560
lactancia_6-12_meses,zscore_desarrollo_resolucion_problemas,Welch's ANOVA,1.4487303387552775,0.23636386061698142,False,"{'Fórmula infantil': {'n': 125, 'mean': np.float64(-0.072636), 'std': np.float64(0.7654869536403272), 'risk_classification': {'normal': 117, 'riesgo': 8, 'pct_normal': 93.60000000000001, 'pct_riesgo': 6.4}}, 'Lactancia materna exclusiva': {'n': 867, 'mean': np.float64(-0.07667174163783161), 'std': np.float64(0.6252868540033906), 'risk_classification': {'normal': 809, 'riesgo': 58, 'pct_normal': 93.31026528258363, 'pct_riesgo': 6.6897347174163775}}, 'Mixta': {'n': 568, 'mean': np.float64(-0.015458978873239439), 'std': np.float64(0.7012264570855613), 'risk_classification': {'normal': 523, 'riesgo': 45, 'pct_normal': 92.0774647887324, 'pct_riesgo': 7.922535211267606}}}","{'normality': False, 'homogeneity': False, 'note': 'OK'}",,1560
lactancia_6-12_meses,zscore_desarrollo_socio_individual,ANOVA,1.6558649715211418,0.19126288097020613,False,"{'Fórmula infantil': {'n': 125, 'mean': np.float64(0.09537039999999998), 'std': np.float64(0.6959180982845612), 'risk_classification': {'normal': 118, 'riesgo': 7, 'pct_normal': 94.39999999999999, 'pct_riesgo': 5.6000000000000005}}, 'Lactancia materna exclusiva': {'n': 867, 'mean': np.float64(0.008224567474048431), 'std': np.float64(0.6862214512936795), 'risk_classification': {'normal': 803, 'riesgo': 64, 'pct_normal': 92.61822376009228, 'pct_riesgo': 7.381776239907728}}, 'Mixta': {'n': 568, 'mean': np.float64(0.06581778169014084), 'std': np.float64(0.7166064599669212), 'risk_classification': {'normal': 531, 'riesgo': 37, 'pct_normal': 93.48591549295774, 'pct_riesgo': 6.514084507042253}}}","{'normality': False, 'homogeneity': True, 'note': 'OK'}",,1560
lactancia_12-24_meses,zscore_desarrollo_comunicacion,Welch's ANOVA,5.475048927810297,0.0035436973956344767,True,"{'Fórmula infantil': {'n': 101, 'mean': np.float64(0.07781089108910891), 'std': np.float64(0.6789202064898334), 'risk_classification': {'normal': 93, 'riesgo': 8, 'pct_normal': 92.07920792079209, 'pct_riesgo': 7.920792079207921}}, 'Lactancia materna exclusiva': {'n': 609, 'mean': np.float64(0.06875451559934319), 'std': np.float64(0.5877184607407953), 'risk_classification': {'normal': 587, 'riesgo': 22, 'pct_normal': 96.38752052545156, 'pct_riesgo': 3.6124794745484397}}, 'Mixta': {'n': 547, 'mean': np.float64(0.05679049360146254), 'std': np.float64(0.7219759953222481), 'risk_classification': {'normal': 501, 'riesgo': 46, 'pct_normal': 91.59049360146253, 'pct_riesgo': 8.409506398537477}}, 'Otro tipo de lactancia': {'n': 8, 'mean': np.float64(0.6494249999999999), 'std': np.float64(0.39811558174551703), 'risk_classification': {'normal': 8, 'riesgo': 0, 'pct_normal': 100.0, 'pct_riesgo': 0.0}}}","{'normality': False, 'homogeneity': False, 'note': 'OK'}",Grupo más afectado: Mixta,1265
lactancia_12-24_meses,zscore_desarrollo_motricidad_gruesa,ANOVA,2.291951902429481,0.07650005148913908,False,"{'Fórmula infantil': {'n': 101, 'mean': np.float64(-0.32977425742574257), 'std': np.float64(0.8906846630153082), 'risk_classification': {'normal': 82, 'riesgo': 19, 'pct_normal': 81.1881188118812, 'pct_riesgo': 18.81188118811881}}, 'Lactancia materna exclusiva': {'n': 609, 'mean': np.float64(-0.2680711001642036), 'std': np.float64(0.7282647300886247), 'risk_classification': {'normal': 514, 'riesgo': 95, 'pct_normal': 84.40065681444992, 'pct_riesgo': 15.599343185550083}}, 'Mixta': {'n': 547, 'mean': np.float64(-0.30953436928702005), 'std': np.float64(0.7719676608054311), 'risk_classification': {'normal': 445, 'riesgo': 102, 'pct_normal': 81.35283363802559, 'pct_riesgo': 18.647166361974406}}, 'Otro tipo de lactancia': {'n': 8, 'mean': np.float64(0.3546625), 'std': np.float64(0.499811164162455), 'risk_classification': {'normal': 8, 'riesgo': 0, 'pct_normal': 100.0, 'pct_riesgo': 0.0}}}","{'normality': False, 'homogeneity': True, 'note': 'OK'}",,1265
lactancia_12-24_meses,zscore_desarrollo_motricidad_fina,ANOVA,4.83654135873817,0.002371833423760266,True,"{'Fórmula infantil': {'n': 101, 'mean': np.float64(-0.1807742574257426), 'std': np.float64(0.8271062509319423), 'risk_classification': {'normal': 91, 'riesgo': 10, 'pct_normal': 90.0990099009901, 'pct_riesgo': 9.900990099009901}}, 'Lactancia materna exclusiva': {'n': 609, 'mean': np.float64(-0.07209261083743841), 'std': np.float64(0.6896334669790521), 'risk_classification': {'normal': 562, 'riesgo': 47, 'pct_normal': 92.28243021346469, 'pct_riesgo': 7.717569786535304}}, 'Mixta': {'n': 547, 'mean': np.float64(0.03277148080438756), 'std': np.float64(0.6865703727181384), 'risk_classification': {'normal': 519, 'riesgo': 28, 'pct_normal': 94.88117001828154, 'pct_riesgo': 5.118829981718465}}, 'Otro tipo de lactancia': {'n': 8, 'mean': np.float64(-0.4883), 'std': np.float64(0.808991387911074), 'risk_classification': {'normal': 6, 'riesgo': 2, 'pct_normal': 75.0, 'pct_riesgo': 25.0}}}","{'normality': False, 'homogeneity': True, 'note': 'OK'}",Grupo más afectado: Otro tipo de lactancia,1265
lactancia_12-24_meses,zscore_desarrollo_resolucion_problemas,Welch's ANOVA,2.7131110285996254,0.06058275891226808,False,"{'Fórmula infantil': {'n': 101, 'mean': np.float64(-0.11992079207920792), 'std': np.float64(0.797788332619227), 'risk_classification': {'normal': 94, 'riesgo': 7, 'pct_normal': 93.06930693069307, 'pct_riesgo': 6.9306930693069315}}, 'Lactancia materna exclusiva': {'n': 609, 'mean': np.float64(-0.07826042692939245), 'std': np.float64(0.6029314243708785), 'risk_classification': {'normal': 576, 'riesgo': 33, 'pct_normal': 94.58128078817734, 'pct_riesgo': 5.41871921182266}}, 'Mixta': {'n': 547, 'mean': np.float64(-0.04047806215722121), 'std': np.float64(0.7150171940051356), 'risk_classification': {'normal': 503, 'riesgo': 44, 'pct_normal': 91.9561243144424, 'pct_riesgo': 8.043875685557587}}, 'Otro tipo de lactancia': {'n': 8, 'mean': np.float64(-0.6429125), 'std': np.float64(0.6113213614493491), 'risk_classification': {'normal': 7, 'riesgo': 1, 'pct_normal': 87.5, 'pct_riesgo': 12.5}}}","{'normality': False, 'homogeneity': False, 'note': 'OK'}",,1265
lactancia_12-24_meses,zscore_desarrollo_socio_individual,ANOVA,0.6170482860507209,0.6040032796199517,False,"{'Fórmula infantil': {'n': 101, 'mean': np.float64(0.038518811881188116), 'std': np.float64(0.7114458163082936), 'risk_classification': {'normal': 95, 'riesgo': 6, 'pct_normal': 94.05940594059405, 'pct_riesgo': 5.9405940594059405}}, 'Lactancia materna exclusiva': {'n': 609, 'mean': np.float64(-0.012166995073891627), 'std': np.float64(0.6627339594916564), 'risk_classification': {'normal': 563, 'riesgo': 46, 'pct_normal': 92.44663382594418, 'pct_riesgo': 7.55336617405583}}, 'Mixta': {'n': 547, 'mean': np.float64(0.039653930530164534), 'std': np.float64(0.7159902973474535), 'risk_classification': {'normal': 509, 'riesgo': 38, 'pct_normal': 93.05301645338209, 'pct_riesgo': 6.946983546617916}}, 'Otro tipo de lactancia': {'n': 8, 'mean': np.float64(-0.05804999999999999), 'std': np.float64(0.44252509210535973), 'risk_classification': {'normal': 8, 'riesgo': 0, 'pct_normal': 100.0, 'pct_riesgo': 0.0}}}","{'normality': False, 'homogeneity': True, 'note': 'OK'}",,1265
vitamina_a_6-12_meses,zscore_desarrollo_comunicacion,ANOVA,2.315868759359821,0.12826252759107296,False,"{'FALSO': {'n': 473, 'mean': np.float64(0.1513418604651163), 'std': np.float64(0.6642916578083903), 'risk_classification': {'normal': 454, 'riesgo': 19, 'pct_normal': 95.9830866807611, 'pct_riesgo': 4.0169133192389}}, 'VERDADERO': {'n': 1088, 'mean': np.float64(0.0950811580882353), 'std': np.float64(0.6742655404152594), 'risk_classification': {'normal': 1027, 'riesgo': 61, 'pct_normal': 94.39338235294117, 'pct_riesgo': 5.606617647058823}}}","{'normality': False, 'homogeneity': True, 'note': 'OK'}",,1561
vitamina_a_6-12_meses,zscore_desarrollo_motricidad_gruesa,ANOVA,0.4141850752899771,0.5199475893144665,False,"{'FALSO': {'n': 473, 'mean': np.float64(-0.24189281183932348), 'std': np.float64(0.7557483876920071), 'risk_classification': {'normal': 398, 'riesgo': 75, 'pct_normal': 84.14376321353065, 'pct_riesgo': 15.856236786469344}}, 'VERDADERO': {'n': 1088, 'mean': np.float64(-0.21499099264705882), 'std': np.float64(0.7603731115383024), 'risk_classification': {'normal': 924, 'riesgo': 164, 'pct_normal': 84.92647058823529, 'pct_riesgo': 15.073529411764705}}}","{'normality': False, 'homogeneity': True, 'note': 'OK'}",,1561
vitamina_a_6-12_meses,zscore_desarrollo_motricidad_fina,ANOVA,2.345381495095894,0.12585767817656374,False,"{'FALSO': {'n': 473, 'mean': np.float64(-0.03408054968287526), 'std': np.float64(0.7467676724473343), 'risk_classification': {'normal': 431, 'riesgo': 42, 'pct_normal': 91.12050739957716, 'pct_riesgo': 8.879492600422834}}, 'VERDADERO': {'n': 1088, 'mean': np.float64(-0.09499632352941176), 'std': np.float64(0.7112900121632627), 'risk_classification': {'normal': 996, 'riesgo': 92, 'pct_normal': 91.54411764705883, 'pct_riesgo': 8.455882352941178}}}","{'normality': False, 'homogeneity': True, 'note': 'OK'}",,1561
vitamina_a_6-12_meses,zscore_desarrollo_resolucion_problemas,Welch's ANOVA,0.8410825925977778,0.35935439868047325,False,"{'FALSO': {'n': 473, 'mean': np.float64(-0.029657928118393254), 'std': np.float64(0.7087062767919742), 'risk_classification': {'normal': 435, 'riesgo': 38, 'pct_normal': 91.9661733615222, 'pct_riesgo': 8.0338266384778}}, 'VERDADERO': {'n': 1088, 'mean': np.float64(-0.06452849264705882), 'std': np.float64(0.6462282564439694), 'risk_classification': {'normal': 1015, 'riesgo': 73, 'pct_normal': 93.29044117647058, 'pct_riesgo': 6.709558823529411}}}","{'normality': False, 'homogeneity': False, 'note': 'OK'}",,1561
vitamina_a_6-12_meses,zscore_desarrollo_socio_individual,ANOVA,1.753343105953692,0.18565110717416422,False,"{'FALSO': {'n': 473, 'mean': np.float64(0.07160486257928117), 'std': np.float64(0.7421489178804015), 'risk_classification': {'normal': 439, 'riesgo': 34, 'pct_normal': 92.81183932346723, 'pct_riesgo': 7.188160676532769}}, 'VERDADERO': {'n': 1088, 'mean': np.float64(0.020693658088235298), 'std': np.float64(0.6780964027432125), 'risk_classification': {'normal': 1014, 'riesgo': 74, 'pct_normal': 93.19852941176471, 'pct_riesgo': 6.8014705882352935}}}","{'normality': False, 'homogeneity': True, 'note': 'OK'}",,1561
vitamina_a_12-18_meses,zscore_desarrollo_comunicacion,ANOVA,17.709119931040785,2.75562254111582e-05,True,"{'FALSO': {'n': 536, 'mean': np.float64(0.15709067164179105), 'std': np.float64(0.693854559692647), 'risk_classification': {'normal': 508, 'riesgo': 28, 'pct_normal': 94.77611940298507, 'pct_riesgo': 5.223880597014925}}, 'VERDADERO': {'n': 731, 'mean': np.float64(0.00104883720930233), 'std': np.float64(0.6196635450608767), 'risk_classification': {'normal': 683, 'riesgo': 48, 'pct_normal': 93.43365253077975, 'pct_riesgo': 6.566347469220246}}}","{'normality': False, 'homogeneity': True, 'note': 'OK'}",Grupo más afectado: VERDADERO,1267
vitamina_a_12-18_meses,zscore_desarrollo_motricidad_gruesa,ANOVA,0.8721199450286223,0.35054730392497857,False,"{'FALSO': {'n': 536, 'mean': np.float64(-0.2639257462686567), 'std': np.float64(0.7875709196188928), 'risk_classification': {'normal': 445, 'riesgo': 91, 'pct_normal': 83.02238805970148, 'pct_riesgo': 16.977611940298505}}, 'VERDADERO': {'n': 731, 'mean': np.float64(-0.3043378932968536), 'std': np.float64(0.7408968081331281), 'risk_classification': {'normal': 606, 'riesgo': 125, 'pct_normal': 82.9001367989056, 'pct_riesgo': 17.099863201094394}}}","{'normality': False, 'homogeneity': True, 'note': 'OK'}",,1267
vitamina_a_12-18_meses,zscore_desarrollo_motricidad_fina,ANOVA,0.33038316260699163,0.5655357611019958,False,"{'FALSO': {'n': 536, 'mean': np.float64(-0.024924253731343275), 'std': np.float64(0.729165502827349), 'risk_classification': {'normal': 495, 'riesgo': 41, 'pct_normal': 92.3507462686567, 'pct_riesgo': 7.649253731343284}}, 'VERDADERO': {'n': 731, 'mean': np.float64(-0.047926675786593716), 'std': np.float64(0.6845216879498626), 'risk_classification': {'normal': 685, 'riesgo': 46, 'pct_normal': 93.70725034199727, 'pct_riesgo': 6.292749658002736}}}","{'normality': False, 'homogeneity': True, 'note': 'OK'}",,1267
vitamina_a_12-18_meses,zscore_desarrollo_resolucion_problemas,Welch's ANOVA,0.08838748283369158,0.7662957930490456,False,"{'FALSO': {'n': 536, 'mean': np.float64(-0.06238432835820896), 'std': np.float64(0.7243388399644489), 'risk_classification': {'normal': 495, 'riesgo': 41, 'pct_normal': 92.3507462686567, 'pct_riesgo': 7.649253731343284}}, 'VERDADERO': {'n': 731, 'mean': np.float64(-0.07397783857729137), 'std': np.float64(0.6293462879573795), 'risk_classification': {'normal': 687, 'riesgo': 44, 'pct_normal': 93.98084815321477, 'pct_riesgo': 6.019151846785226}}}","{'normality': False, 'homogeneity': False, 'note': 'OK'}",,1267
vitamina_a_12-18_meses,zscore_desarrollo_socio_individual,ANOVA,22.02494739159138,2.984045157743055e-06,True,"{'FALSO': {'n': 536, 'mean': np.float64(0.11865559701492535), 'std': np.float64(0.7083416237196911), 'risk_classification': {'normal': 505, 'riesgo': 31, 'pct_normal': 94.21641791044776, 'pct_riesgo': 5.7835820895522385}}, 'VERDADERO': {'n': 731, 'mean': np.float64(-0.06359165526675788), 'std': np.float64(0.6636331677731503), 'risk_classification': {'normal': 672, 'riesgo': 59, 'pct_normal': 91.92886456908344, 'pct_riesgo': 8.071135430916552}}}","{'normality': False, 'homogeneity': True, 'note': 'OK'}",Grupo más afectado: VERDADERO,1267
vitamina_a_18-24_meses,zscore_desarrollo_comunicacion,ANOVA,0.46092235184022995,0.49734648670125037,False,"{'FALSO': {'n': 473, 'mean': np.float64(-0.008121775898520086), 'std': np.float64(0.6906742671294519), 'risk_classification': {'normal': 441, 'riesgo': 32, 'pct_normal': 93.23467230443974, 'pct_riesgo': 6.765327695560254}}, 'VERDADERO': {'n': 554, 'mean': np.float64(-0.03580306859205776), 'std': np.float64(0.6156798815428995), 'risk_classification': {'normal': 512, 'riesgo': 42, 'pct_normal': 92.4187725631769, 'pct_riesgo': 7.581227436823104}}}","{'normality': False, 'homogeneity': True, 'note': 'OK'}",,1027
vitamina_a_18-24_meses,zscore_desarrollo_motricidad_gruesa,ANOVA,1.5769040529798906,0.2094933734362004,False,"{'FALSO': {'n': 473, 'mean': np.float64(-0.32977695560253706), 'std': np.float64(0.8040009518593321), 'risk_classification': {'normal': 389, 'riesgo': 84, 'pct_normal': 82.24101479915433, 'pct_riesgo': 17.758985200845668}}, 'VERDADERO': {'n': 554, 'mean': np.float64(-0.269156678700361), 'std': np.float64(0.7418813299822895), 'risk_classification': {'normal': 460, 'riesgo': 94, 'pct_normal': 83.03249097472924, 'pct_riesgo': 16.967509025270758}}}","{'normality': False, 'homogeneity': True, 'note': 'OK'}",,1027
vitamina_a_18-24_meses,zscore_desarrollo_motricidad_fina,Welch's ANOVA,2.0774878662579885,0.1498314290621628,False,"{'FALSO': {'n': 473, 'mean': np.float64(-0.06890190274841439), 'std': np.float64(0.7815668124116587), 'risk_classification': {'normal': 429, 'riesgo': 44, 'pct_normal': 90.69767441860465, 'pct_riesgo': 9.30232558139535}}, 'VERDADERO': {'n': 554, 'mean': np.float64(-0.004198736462093857), 'std': np.float64(0.633209195638723), 'risk_classification': {'normal': 530, 'riesgo': 24, 'pct_normal': 95.66787003610109, 'pct_riesgo': 4.332129963898916}}}","{'normality': False, 'homogeneity': False, 'note': 'OK'}",,1027
vitamina_a_18-24_meses,zscore_desarrollo_resolucion_problemas,Welch's ANOVA,0.16808007443876993,0.6819200351958339,False,"{'FALSO': {'n': 473, 'mean': np.float64(-0.07832410147991545), 'std': np.float64(0.738813882845798), 'risk_classification': {'normal': 438, 'riesgo': 35, 'pct_normal': 92.60042283298098, 'pct_riesgo': 7.399577167019028}}, 'VERDADERO': {'n': 554, 'mean': np.float64(-0.09579097472924189), 'std': np.float64(0.6052075191672297), 'risk_classification': {'normal': 518, 'riesgo': 36, 'pct_normal': 93.50180505415162, 'pct_riesgo': 6.4981949458483745}}}","{'normality': False, 'homogeneity': False, 'note': 'OK'}",,1027
vitamina_a_18-24_meses,zscore_desarrollo_socio_individual,ANOVA,2.308429901219838,0.12898234770598418,False,"{'FALSO': {'n': 473, 'mean': np.float64(-0.012146511627906986), 'std': np.float64(0.728550457457065), 'risk_classification': {'normal': 438, 'riesgo': 35, 'pct_normal': 92.60042283298098, 'pct_riesgo': 7.399577167019028}}, 'VERDADERO': {'n': 554, 'mean': np.float64(-0.07819747292418772), 'std': np.float64(0.6638985869641444), 'risk_classification': {'normal': 505, 'riesgo': 49, 'pct_normal': 91.15523465703971, 'pct_riesgo': 8.844765342960288}}}","{'normality': False, 'homogeneity': True, 'note': 'OK'}",,1027
vitaminas_minerales_6-12_meses,zscore_desarrollo_comunicacion,ANOVA,7.893179169999148,0.005024105440527173,True,"{'FALSO': {'n': 483, 'mean': np.float64(0.1833120082815735), 'std': np.float64(0.6561699958272755), 'risk_classification': {'normal': 461, 'riesgo': 22, 'pct_normal': 95.44513457556936, 'pct_riesgo': 4.554865424430641}}, 'VERDADERO': {'n': 1078, 'mean': np.float64(0.08023497217068645), 'std': np.float64(0.6761921939152585), 'risk_classification': {'normal': 1020, 'riesgo': 58, 'pct_normal': 94.61966604823748, 'pct_riesgo': 5.380333951762523}}}","{'normality': False, 'homogeneity': True, 'note': 'OK'}",Grupo más afectado: VERDADERO,1561
vitaminas_minerales_6-12_meses,zscore_desarrollo_motricidad_gruesa,Welch's ANOVA,1.1210077022908471,0.28995769224164153,False,"{'FALSO': {'n': 483, 'mean': np.float64(-0.2526140786749483), 'std': np.float64(0.7172261577331445), 'risk_classification': {'normal': 407, 'riesgo': 76, 'pct_normal': 84.26501035196688, 'pct_riesgo': 15.734989648033126}}, 'VERDADERO': {'n': 1078, 'mean': np.float64(-0.20993775510204082), 'std': np.float64(0.7767137509369147), 'risk_classification': {'normal': 915, 'riesgo': 163, 'pct_normal': 84.87940630797773, 'pct_riesgo': 15.120593692022263}}}","{'normality': False, 'homogeneity': False, 'note': 'OK'}",,1561
vitaminas_minerales_6-12_meses,zscore_desarrollo_motricidad_fina,ANOVA,8.533030073493281,0.0035377603450809313,True,"{'FALSO': {'n': 483, 'mean': np.float64(0.003076604554865422), 'std': np.float64(0.713630110881619), 'risk_classification': {'normal': 449, 'riesgo': 34, 'pct_normal': 92.96066252587993, 'pct_riesgo': 7.039337474120083}}, 'VERDADERO': {'n': 1078, 'mean': np.float64(-0.11220974025974026), 'std': np.float64(0.723968941407233), 'risk_classification': {'normal': 978, 'riesgo': 100, 'pct_normal': 90.72356215213358, 'pct_riesgo': 9.276437847866418}}}","{'normality': False, 'homogeneity': True, 'note': 'OK'}",Grupo más afectado: VERDADERO,1561
vitaminas_minerales_6-12_meses,zscore_desarrollo_resolucion_problemas,Welch's ANOVA,5.531238403989595,0.018903004166097057,True,"{'FALSO': {'n': 483, 'mean': np.float64(0.006916563146997926), 'std': np.float64(0.7002795366385031), 'risk_classification': {'normal': 439, 'riesgo': 44, 'pct_normal': 90.89026915113871, 'pct_riesgo': 9.109730848861282}}, 'VERDADERO': {'n': 1078, 'mean': np.float64(-0.08123923933209647), 'std': np.float64(0.6481543129521644), 'risk_classification': {'normal': 1011, 'riesgo': 67, 'pct_normal': 93.7847866419295, 'pct_riesgo': 6.215213358070501}}}","{'normality': False, 'homogeneity': False, 'note': 'OK'}",Grupo más afectado: VERDADERO,1561
vitaminas_minerales_6-12_meses,zscore_desarrollo_socio_individual,ANOVA,4.71682587041369,0.0300191566556725,True,"{'FALSO': {'n': 483, 'mean': np.float64(0.09339606625258798), 'std': np.float64(0.7363574608084228), 'risk_classification': {'normal': 449, 'riesgo': 34, 'pct_normal': 92.96066252587993, 'pct_riesgo': 7.039337474120083}}, 'VERDADERO': {'n': 1078, 'mean': np.float64(0.010457792207792206), 'std': np.float64(0.6793123335875104), 'risk_classification': {'normal': 1004, 'riesgo': 74, 'pct_normal': 93.13543599257885, 'pct_riesgo': 6.8645640074211505}}}","{'normality': False, 'homogeneity': True, 'note': 'OK'}",Grupo más afectado: VERDADERO,1561
vitaminas_minerales_12-18_meses,zscore_desarrollo_comunicacion,ANOVA,7.283647448082081,0.00705116138817895,True,"{'FALSO': {'n': 498, 'mean': np.float64(0.12875), 'std': np.float64(0.6805688443658946), 'risk_classification': {'normal': 475, 'riesgo': 23, 'pct_normal': 95.38152610441767, 'pct_riesgo': 4.618473895582329}}, 'VERDADERO': {'n': 769, 'mean': np.float64(0.027112873862158642), 'std': np.float64(0.6374640988691588), 'risk_classification': {'normal': 716, 'riesgo': 53, 'pct_normal': 93.10793237971392, 'pct_riesgo': 6.8920676202860855}}}","{'normality': False, 'homogeneity': True, 'note': 'OK'}",Grupo más afectado: VERDADERO,1267
vitaminas_minerales_12-18_meses,zscore_desarrollo_motricidad_gruesa,ANOVA,4.343800036507327,0.03734418133759758,True,"{'FALSO': {'n': 498, 'mean': np.float64(-0.34253554216867466), 'std': np.float64(0.7885400194635531), 'risk_classification': {'normal': 394, 'riesgo': 104, 'pct_normal': 79.11646586345381, 'pct_riesgo': 20.883534136546185}}, 'VERDADERO': {'n': 769, 'mean': np.float64(-0.2514336801040312), 'std': np.float64(0.7408513107097263), 'risk_classification': {'normal': 657, 'riesgo': 112, 'pct_normal': 85.43563068920676, 'pct_riesgo': 14.564369310793237}}}","{'normality': False, 'homogeneity': True, 'note': 'OK'}",Grupo más afectado: FALSO,1267
vitaminas_minerales_12-18_meses,zscore_desarrollo_motricidad_fina,ANOVA,2.8157836774901153,0.09358830959356103,False,"{'FALSO': {'n': 498, 'mean': np.float64(0.0029905622489959805), 'std': np.float64(0.6915076790261973), 'risk_classification': {'normal': 470, 'riesgo': 28, 'pct_normal': 94.37751004016064, 'pct_riesgo': 5.622489959839357}}, 'VERDADERO': {'n': 769, 'mean': np.float64(-0.06486749024707411), 'std': np.float64(0.7104328818536084), 'risk_classification': {'normal': 710, 'riesgo': 59, 'pct_normal': 92.32769830949285, 'pct_riesgo': 7.672301690507152}}}","{'normality': False, 'homogeneity': True, 'note': 'OK'}",,1267
vitaminas_minerales_12-18_meses,zscore_desarrollo_resolucion_problemas,Welch's ANOVA,0.9826726254512264,0.3217857493276203,False,"{'FALSO': {'n': 498, 'mean': np.float64(-0.0452917670682731), 'std': np.float64(0.7161004477727211), 'risk_classification': {'normal': 461, 'riesgo': 37, 'pct_normal': 92.570281124498, 'pct_riesgo': 7.429718875502007}}, 'VERDADERO': {'n': 769, 'mean': np.float64(-0.08447399219765929), 'std': np.float64(0.6399755236813789), 'risk_classification': {'normal': 721, 'riesgo': 48, 'pct_normal': 93.75812743823147, 'pct_riesgo': 6.241872561768531}}}","{'normality': False, 'homogeneity': False, 'note': 'OK'}",,1267
vitaminas_minerales_12-18_meses,zscore_desarrollo_socio_individual,ANOVA,3.349013541058652,0.06748051080194617,False,"{'FALSO': {'n': 498, 'mean': np.float64(0.05745642570281123), 'std': np.float64(0.709264413529022), 'risk_classification': {'normal': 461, 'riesgo': 37, 'pct_normal': 92.570281124498, 'pct_riesgo': 7.429718875502007}}, 'VERDADERO': {'n': 769, 'mean': np.float64(-0.014953706111833552), 'std': np.float64(0.6737269643286221), 'risk_classification': {'normal': 716, 'riesgo': 53, 'pct_normal': 93.10793237971392, 'pct_riesgo': 6.8920676202860855}}}","{'normality': False, 'homogeneity': True, 'note': 'OK'}",,1267
vitaminas_minerales_18-24_meses,zscore_desarrollo_comunicacion,ANOVA,0.18198491644994205,0.6697625339759863,False,"{'FALSO': {'n': 474, 'mean': np.float64(-0.013688396624472568), 'std': np.float64(0.6585887580844552), 'risk_classification': {'normal': 442, 'riesgo': 32, 'pct_normal': 93.24894514767934, 'pct_riesgo': 6.751054852320674}}, 'VERDADERO': {'n': 553, 'mean': np.float64(-0.031081735985533456), 'std': np.float64(0.6451314505215611), 'risk_classification': {'normal': 511, 'riesgo': 42, 'pct_normal': 92.40506329113924, 'pct_riesgo': 7.59493670886076}}}","{'normality': False, 'homogeneity': True, 'note': 'OK'}",,1027
vitaminas_minerales_18-24_meses,zscore_desarrollo_motricidad_gruesa,ANOVA,7.324006665150122,0.00691695858659937,True,"{'FALSO': {'n': 474, 'mean': np.float64(-0.3672162447257384), 'std': np.float64(0.8122842365977513), 'risk_classification': {'normal': 382, 'riesgo': 92, 'pct_normal': 80.59071729957806, 'pct_riesgo': 19.40928270042194}}, 'VERDADERO': {'n': 553, 'mean': np.float64(-0.23695623869801086), 'std': np.float64(0.7297911025073343), 'risk_classification': {'normal': 467, 'riesgo': 86, 'pct_normal': 84.44846292947558, 'pct_riesgo': 15.551537070524413}}}","{'normality': False, 'homogeneity': True, 'note': 'OK'}",Grupo más afectado: FALSO,1027
vitaminas_minerales_18-24_meses,zscore_desarrollo_motricidad_fina,Welch's ANOVA,4.058011318101217,0.04424659910565202,True,"{'FALSO': {'n': 474, 'mean': np.float64(-0.08239535864978902), 'std': np.float64(0.7594319181938873), 'risk_classification': {'normal': 434, 'riesgo': 40, 'pct_normal': 91.56118143459916, 'pct_riesgo': 8.438818565400844}}, 'VERDADERO': {'n': 553, 'mean': np.float64(0.007484086799276678), 'std': np.float64(0.65421843386046), 'risk_classification': {'normal': 525, 'riesgo': 28, 'pct_normal': 94.9367088607595, 'pct_riesgo': 5.063291139240507}}}","{'normality': False, 'homogeneity': False, 'note': 'OK'}",Grupo más afectado: FALSO,1027
vitaminas_minerales_18-24_meses,zscore_desarrollo_resolucion_problemas,ANOVA,0.21013906412030925,0.6467556029169641,False,"{'FALSO': {'n': 474, 'mean': np.float64(-0.0980987341772152), 'std': np.float64(0.7157123649209366), 'risk_classification': {'normal': 435, 'riesgo': 39, 'pct_normal': 91.77215189873418, 'pct_riesgo': 8.227848101265822}}, 'VERDADERO': {'n': 553, 'mean': np.float64(-0.07887287522603978), 'std': np.float64(0.6282624961316109), 'risk_classification': {'normal': 521, 'riesgo': 32, 'pct_normal': 94.2133815551537, 'pct_riesgo': 5.786618444846293}}}","{'normality': False, 'homogeneity': True, 'note': 'OK'}",,1027
vitaminas_minerales_18-24_meses,zscore_desarrollo_socio_individual,ANOVA,1.2576608196963308,0.26235698586077855,False,"{'FALSO': {'n': 474, 'mean': np.float64(-0.021515611814345977), 'std': np.float64(0.7283657025913278), 'risk_classification': {'normal': 434, 'riesgo': 40, 'pct_normal': 91.56118143459916, 'pct_riesgo': 8.438818565400844}}, 'VERDADERO': {'n': 553, 'mean': np.float64(-0.07028625678119349), 'std': np.float64(0.6646395279347975), 'risk_classification': {'normal': 509, 'riesgo': 44, 'pct_normal': 92.04339963833634, 'pct_riesgo': 7.956600361663653}}}","{'normality': False, 'homogeneity': True, 'note': 'OK'}",,1027
retardo_crecimiento,zscore_desarrollo_comunicacion,ANOVA,2.933720820904171,0.08692726226037172,False,"{'No': {'n': 1533, 'mean': np.float64(0.12111545988258317), 'std': np.float64(0.685565498364702), 'risk_classification': {'normal': 1450, 'riesgo': 83, 'pct_normal': 94.58577951728635, 'pct_riesgo': 5.414220482713633}}, 'Sí': {'n': 192, 'mean': np.float64(0.03057604166666666), 'std': np.float64(0.7287598813454231), 'risk_classification': {'normal': 178, 'riesgo': 14, 'pct_normal': 92.70833333333334, 'pct_riesgo': 7.291666666666667}}}","{'normality': False, 'homogeneity': True, 'note': 'OK'}",,1725
retardo_crecimiento,zscore_desarrollo_motricidad_gruesa,ANOVA,0.9762410937835783,0.3232673123796621,False,"{'No': {'n': 1533, 'mean': np.float64(-0.2620747553816047), 'std': np.float64(0.8281719525309337), 'risk_classification': {'normal': 1288, 'riesgo': 245, 'pct_normal': 84.01826484018264, 'pct_riesgo': 15.981735159817351}}, 'Sí': {'n': 192, 'mean': np.float64(-0.3250390625), 'std': np.float64(0.8657482346781488), 'risk_classification': {'normal': 149, 'riesgo': 43, 'pct_normal': 77.60416666666666, 'pct_riesgo': 22.395833333333336}}}","{'normality': False, 'homogeneity': True, 'note': 'OK'}",,1725
retardo_crecimiento,zscore_desarrollo_motricidad_fina,Welch's ANOVA,3.222958980953584,0.07393182787772101,False,"{'No': {'n': 1533, 'mean': np.float64(-0.06488388780169602), 'std': np.float64(0.7159214886192895), 'risk_classification': {'normal': 1409, 'riesgo': 124, 'pct_normal': 91.91128506196999, 'pct_riesgo': 8.088714938030005}}, 'Sí': {'n': 192, 'mean': np.float64(-0.17625000000000002), 'std': np.float64(0.8213710268627896), 'risk_classification': {'normal': 168, 'riesgo': 24, 'pct_normal': 87.5, 'pct_riesgo': 12.5}}}","{'normality': False, 'homogeneity': False, 'note': 'OK'}",,1725
retardo_crecimiento,zscore_desarrollo_resolucion_problemas,Welch's ANOVA,0.4230100610224235,0.5161059019910621,False,"{'No': {'n': 1533, 'mean': np.float64(-0.06343646444879321), 'std': np.float64(0.6633426542146574), 'risk_classification': {'normal': 1422, 'riesgo': 111, 'pct_normal': 92.75929549902152, 'pct_riesgo': 7.240704500978473}}, 'Sí': {'n': 192, 'mean': np.float64(-0.1032375), 'std': np.float64(0.8148046518525949), 'risk_classification': {'normal': 175, 'riesgo': 17, 'pct_normal': 91.14583333333334, 'pct_riesgo': 8.854166666666668}}}","{'normality': False, 'homogeneity': False, 'note': 'OK'}",,1725
retardo_crecimiento,zscore_desarrollo_socio_individual,ANOVA,7.856857452415752,0.005119528817956392,True,"{'No': {'n': 1533, 'mean': np.float64(0.050665101108936725), 'std': np.float64(0.708994620939737), 'risk_classification': {'normal': 1432, 'riesgo': 101, 'pct_normal': 93.41161121983039, 'pct_riesgo': 6.588388780169602}}, 'Sí': {'n': 192, 'mean': np.float64(-0.10339791666666669), 'std': np.float64(0.786192306448079), 'risk_classification': {'normal': 168, 'riesgo': 24, 'pct_normal': 87.5, 'pct_riesgo': 12.5}}}","{'normality': False, 'homogeneity': True, 'note': 'OK'}",Grupo más afectado: Sí,1725
desnutricion_aguda,zscore_desarrollo_comunicacion,ANOVA,2.4066146106416038,0.12100705432113273,False,"{'No': {'n': 1623, 'mean': np.float64(0.11750455945779421), 'std': np.float64(0.6877121224001299), 'risk_classification': {'normal': 1535, 'riesgo': 88, 'pct_normal': 94.57794208256315, 'pct_riesgo': 5.422057917436845}}, 'Sí': {'n': 102, 'mean': np.float64(0.008144117647058835), 'std': np.float64(0.7353036506963851), 'risk_classification': {'normal': 93, 'riesgo': 9, 'pct_normal': 91.17647058823529, 'pct_riesgo': 8.823529411764707}}}","{'normality': False, 'homogeneity': True, 'note': 'OK'}",,1725
desnutricion_aguda,zscore_desarrollo_motricidad_gruesa,ANOVA,2.6903965722532766,0.10113721728266582,False,"{'No': {'n': 1623, 'mean': np.float64(-0.26084571780653115), 'std': np.float64(0.8169693713905198), 'risk_classification': {'normal': 1356, 'riesgo': 267, 'pct_normal': 83.54898336414048, 'pct_riesgo': 16.45101663585952}}, 'Sí': {'n': 102, 'mean': np.float64(-0.40015196078431375), 'std': np.float64(1.0442553111179744), 'risk_classification': {'normal': 81, 'riesgo': 21, 'pct_normal': 79.41176470588235, 'pct_riesgo': 20.588235294117645}}}","{'normality': False, 'homogeneity': True, 'note': 'OK'}",,1725
desnutricion_aguda,zscore_desarrollo_motricidad_fina,ANOVA,0.9317976748228977,0.3345316979767847,False,"{'No': {'n': 1623, 'mean': np.float64(-0.07303185459026494), 'std': np.float64(0.7142837510095686), 'risk_classification': {'normal': 1487, 'riesgo': 136, 'pct_normal': 91.62045594577943, 'pct_riesgo': 8.37954405422058}}, 'Sí': {'n': 102, 'mean': np.float64(-0.1448656862745098), 'std': np.float64(0.9342202738637388), 'risk_classification': {'normal': 90, 'riesgo': 12, 'pct_normal': 88.23529411764706, 'pct_riesgo': 11.76470588235294}}}","{'normality': False, 'homogeneity': True, 'note': 'OK'}",,1725
desnutricion_aguda,zscore_desarrollo_resolucion_problemas,ANOVA,3.8510640032068237,0.04987516433924189,True,"{'No': {'n': 1623, 'mean': np.float64(-0.059798274799753554), 'std': np.float64(0.6694373979783809), 'risk_classification': {'normal': 1506, 'riesgo': 117, 'pct_normal': 92.79112754158965, 'pct_riesgo': 7.208872458410351}}, 'Sí': {'n': 102, 'mean': np.float64(-0.19624607843137254), 'std': np.float64(0.8473147722666592), 'risk_classification': {'normal': 91, 'riesgo': 11, 'pct_normal': 89.2156862745098, 'pct_riesgo': 10.784313725490197}}}","{'normality': False, 'homogeneity': True, 'note': 'OK'}",Grupo más afectado: Sí,1725
desnutricion_aguda,zscore_desarrollo_socio_individual,ANOVA,6.9671091564055585,0.008377032346581681,True,"{'No': {'n': 1623, 'mean': np.float64(0.04495878003696857), 'std': np.float64(0.7105665247959074), 'risk_classification': {'normal': 1511, 'riesgo': 112, 'pct_normal': 93.09919901417129, 'pct_riesgo': 6.900800985828711}}, 'Sí': {'n': 102, 'mean': np.float64(-0.14853823529411764), 'std': np.float64(0.8304455278115486), 'risk_classification': {'normal': 89, 'riesgo': 13, 'pct_normal': 87.25490196078431, 'pct_riesgo': 12.745098039215685}}}","{'normality': False, 'homogeneity': True, 'note': 'OK'}",Grupo más afectado: Sí,1725
hospitalizado_neonatal,zscore_desarrollo_comunicacion,ANOVA,0.002388821419951949,0.9610241219179537,False,"{'No': {'n': 1518, 'mean': np.float64(0.1113383399209486), 'std': np.float64(0.691757036723662), 'risk_classification': {'normal': 1433, 'riesgo': 85, 'pct_normal': 94.40052700922266, 'pct_riesgo': 5.599472990777339}}, 'Sí': {'n': 207, 'mean': np.float64(0.10883574879227051), 'std': np.float64(0.6860232984362655), 'risk_classification': {'normal': 195, 'riesgo': 12, 'pct_normal': 94.20289855072464, 'pct_riesgo': 5.797101449275362}}}","{'normality': False, 'homogeneity': True, 'note': 'OK'}",,1725
hospitalizado_neonatal,zscore_desarrollo_motricidad_gruesa,ANOVA,7.451765239988316,0.00640192502364268,True,"{'No': {'n': 1518, 'mean': np.float64(-0.24891725955204214), 'std': np.float64(0.8228024717993238), 'risk_classification': {'normal': 1271, 'riesgo': 247, 'pct_normal': 83.72859025032938, 'pct_riesgo': 16.27140974967062}}, 'Sí': {'n': 207, 'mean': np.float64(-0.41696473429951697), 'std': np.float64(0.8879633082831122), 'risk_classification': {'normal': 166, 'riesgo': 41, 'pct_normal': 80.19323671497585, 'pct_riesgo': 19.806763285024154}}}","{'normality': False, 'homogeneity': True, 'note': 'OK'}",Grupo más afectado: Sí,1725
hospitalizado_neonatal,zscore_desarrollo_motricidad_fina,ANOVA,4.204891500869844,0.040458545142135795,True,"{'No': {'n': 1518, 'mean': np.float64(-0.06400079051383399), 'std': np.float64(0.7174561247597017), 'risk_classification': {'normal': 1395, 'riesgo': 123, 'pct_normal': 91.89723320158103, 'pct_riesgo': 8.102766798418973}}, 'Sí': {'n': 207, 'mean': np.float64(-0.17465603864734303), 'std': np.float64(0.8037990890653521), 'risk_classification': {'normal': 182, 'riesgo': 25, 'pct_normal': 87.92270531400966, 'pct_riesgo': 12.077294685990339}}}","{'normality': False, 'homogeneity': True, 'note': 'OK'}",Grupo más afectado: Sí,1725
hospitalizado_neonatal,zscore_desarrollo_resolucion_problemas,ANOVA,5.307308160573713,0.021354659833491205,True,"{'No': {'n': 1518, 'mean': np.float64(-0.05392048748353096), 'std': np.float64(0.6762444159040601), 'risk_classification': {'normal': 1409, 'riesgo': 109, 'pct_normal': 92.81949934123847, 'pct_riesgo': 7.180500658761528}}, 'Sí': {'n': 207, 'mean': np.float64(-0.17013719806763286), 'std': np.float64(0.7139325714114801), 'risk_classification': {'normal': 188, 'riesgo': 19, 'pct_normal': 90.82125603864735, 'pct_riesgo': 9.178743961352657}}}","{'normality': False, 'homogeneity': True, 'note': 'OK'}",Grupo más afectado: Sí,1725
hospitalizado_neonatal,zscore_desarrollo_socio_individual,ANOVA,6.4269278547774835,0.011328081049412455,True,"{'No': {'n': 1518, 'mean': np.float64(0.049706851119894604), 'std': np.float64(0.7113320846967446), 'risk_classification': {'normal': 1414, 'riesgo': 104, 'pct_normal': 93.14888010540184, 'pct_riesgo': 6.851119894598155}}, 'Sí': {'n': 207, 'mean': np.float64(-0.08520676328502415), 'std': np.float64(0.7673395155907492), 'risk_classification': {'normal': 186, 'riesgo': 21, 'pct_normal': 89.85507246376811, 'pct_riesgo': 10.144927536231885}}}","{'normality': False, 'homogeneity': True, 'note': 'OK'}",Grupo más afectado: Sí,1725
razon_hospitalizado_neonatal,zscore_desarrollo_comunicacion,ANOVA,1.094993933565509,0.36677237975215726,False,"{'Anomalías congénitas': {'n': 3, 'mean': np.float64(-0.4356333333333333), 'std': np.float64(1.6300611777885312), 'risk_classification': {'normal': 2, 'riesgo': 1, 'pct_normal': 66.66666666666666, 'pct_riesgo': 33.33333333333333}}, 'Ictericia neonatal': {'n': 70, 'mean': np.float64(0.2567842857142857), 'std': np.float64(0.631415056913682), 'risk_classification': {'normal': 68, 'riesgo': 2, 'pct_normal': 97.14285714285714, 'pct_riesgo': 2.857142857142857}}, 'Neumonía': {'n': 9, 'mean': np.float64(0.11464444444444445), 'std': np.float64(0.7904004967595717), 'risk_classification': {'normal': 8, 'riesgo': 1, 'pct_normal': 88.88888888888889, 'pct_riesgo': 11.11111111111111}}, 'Prematuridad': {'n': 61, 'mean': np.float64(0.02319016393442622), 'std': np.float64(0.6671020161127078), 'risk_classification': {'normal': 59, 'riesgo': 2, 'pct_normal': 96.72131147540983, 'pct_riesgo': 3.278688524590164}}, 'Sepsis': {'n': 3, 'mean': np.float64(0.1245), 'std': np.float64(0.7578169106057215), 'risk_classification': {'normal': 3, 'riesgo': 0, 'pct_normal': 100.0, 'pct_riesgo': 0.0}}, 'Síndrome de aspiración meconial': {'n': 5, 'mean': np.float64(0.25222), 'std': np.float64(0.48825457191919874), 'risk_classification': {'normal': 5, 'riesgo': 0, 'pct_normal': 100.0, 'pct_riesgo': 0.0}}, 'Taquipnea transitoria del recién nacido': {'n': 50, 'mean': np.float64(0.076652), 'std': np.float64(0.6641193085706262), 'risk_classification': {'normal': 46, 'riesgo': 4, 'pct_normal': 92.0, 'pct_riesgo': 8.0}}}","{'normality': False, 'homogeneity': True, 'note': 'OK'}",,207
razon_hospitalizado_neonatal,zscore_desarrollo_motricidad_gruesa,Welch's ANOVA,0.8212066623674095,0.5747449433015226,False,"{'Anomalías congénitas': {'n': 3, 'mean': np.float64(-1.3888), 'std': np.float64(3.1587659378307857), 'risk_classification': {'normal': 2, 'riesgo': 1, 'pct_normal': 66.66666666666666, 'pct_riesgo': 33.33333333333333}}, 'Ictericia neonatal': {'n': 70, 'mean': np.float64(-0.39535714285714285), 'std': np.float64(0.9214690033981624), 'risk_classification': {'normal': 55, 'riesgo': 15, 'pct_normal': 78.57142857142857, 'pct_riesgo': 21.428571428571427}}, 'Neumonía': {'n': 9, 'mean': np.float64(-0.41933333333333334), 'std': np.float64(0.8313248342254669), 'risk_classification': {'normal': 7, 'riesgo': 2, 'pct_normal': 77.77777777777779, 'pct_riesgo': 22.22222222222222}}, 'Prematuridad': {'n': 61, 'mean': np.float64(-0.40181967213114755), 'std': np.float64(0.6374334594867327), 'risk_classification': {'normal': 52, 'riesgo': 9, 'pct_normal': 85.24590163934425, 'pct_riesgo': 14.754098360655737}}, 'Sepsis': {'n': 3, 'mean': np.float64(0.19846666666666665), 'std': np.float64(0.5725160288876926), 'risk_classification': {'normal': 3, 'riesgo': 0, 'pct_normal': 100.0, 'pct_riesgo': 0.0}}, 'Síndrome de aspiración meconial': {'n': 5, 'mean': np.float64(0.11339999999999999), 'std': np.float64(0.7597390736298878), 'risk_classification': {'normal': 5, 'riesgo': 0, 'pct_normal': 100.0, 'pct_riesgo': 0.0}}, 'Taquipnea transitoria del recién nacido': {'n': 50, 'mean': np.float64(-0.472744), 'std': np.float64(0.744305086164132), 'risk_classification': {'normal': 37, 'riesgo': 13, 'pct_normal': 74.0, 'pct_riesgo': 26.0}}}","{'normality': False, 'homogeneity': False, 'note': 'OK'}",,207
razon_hospitalizado_neonatal,zscore_desarrollo_motricidad_fina,Welch's ANOVA,0.46998122669971676,0.8176394311336287,False,"{'Anomalías congénitas': {'n': 3, 'mean': np.float64(-2.218266666666667), 'std': np.float64(2.691870004909846), 'risk_classification': {'normal': 1, 'riesgo': 2, 'pct_normal': 33.33333333333333, 'pct_riesgo': 66.66666666666666}}, 'Ictericia neonatal': {'n': 70, 'mean': np.float64(-0.10262571428571425), 'std': np.float64(0.699475081174637), 'risk_classification': {'normal': 65, 'riesgo': 5, 'pct_normal': 92.85714285714286, 'pct_riesgo': 7.142857142857142}}, 'Neumonía': {'n': 9, 'mean': np.float64(-0.06643333333333334), 'std': np.float64(0.8222250543494768), 'risk_classification': {'normal': 8, 'riesgo': 1, 'pct_normal': 88.88888888888889, 'pct_riesgo': 11.11111111111111}}, 'Prematuridad': {'n': 61, 'mean': np.float64(-0.22232950819672131), 'std': np.float64(0.7997003981375904), 'risk_classification': {'normal': 50, 'riesgo': 11, 'pct_normal': 81.9672131147541, 'pct_riesgo': 18.0327868852459}}, 'Sepsis': {'n': 3, 'mean': np.float64(-0.5124666666666667), 'std': np.float64(1.0714515823560733), 'risk_classification': {'normal': 2, 'riesgo': 1, 'pct_normal': 66.66666666666666, 'pct_riesgo': 33.33333333333333}}, 'Síndrome de aspiración meconial': {'n': 5, 'mean': np.float64(-0.1475), 'std': np.float64(0.7052896638970403), 'risk_classification': {'normal': 5, 'riesgo': 0, 'pct_normal': 100.0, 'pct_riesgo': 0.0}}, 'Taquipnea transitoria del recién nacido': {'n': 50, 'mean': np.float64(-0.06837), 'std': np.float64(0.6384810307539708), 'risk_classification': {'normal': 46, 'riesgo': 4, 'pct_normal': 92.0, 'pct_riesgo': 8.0}}}","{'normality': False, 'homogeneity': False, 'note': 'OK'}",,207
razon_hospitalizado_neonatal,zscore_desarrollo_resolucion_problemas,Welch's ANOVA,4.829225716765839,0.008880367198579901,True,"{'Anomalías congénitas': {'n': 3, 'mean': np.float64(-1.4387333333333334), 'std': np.float64(2.7436179331921076), 'risk_classification': {'normal': 2, 'riesgo': 1, 'pct_normal': 66.66666666666666, 'pct_riesgo': 33.33333333333333}}, 'Ictericia neonatal': {'n': 70, 'mean': np.float64(-0.19743142857142856), 'std': np.float64(0.6817884638454307), 'risk_classification': {'normal': 62, 'riesgo': 8, 'pct_normal': 88.57142857142857, 'pct_riesgo': 11.428571428571429}}, 'Neumonía': {'n': 9, 'mean': np.float64(-0.8874), 'std': np.float64(0.41823074671764626), 'risk_classification': {'normal': 7, 'riesgo': 2, 'pct_normal': 77.77777777777779, 'pct_riesgo': 22.22222222222222}}, 'Prematuridad': {'n': 61, 'mean': np.float64(-0.18538032786885245), 'std': np.float64(0.6474533099819302), 'risk_classification': {'normal': 55, 'riesgo': 6, 'pct_normal': 90.1639344262295, 'pct_riesgo': 9.836065573770492}}, 'Sepsis': {'n': 3, 'mean': np.float64(-0.012699999999999998), 'std': np.float64(0.217964469581627), 'risk_classification': {'normal': 3, 'riesgo': 0, 'pct_normal': 100.0, 'pct_riesgo': 0.0}}, 'Síndrome de aspiración meconial': {'n': 5, 'mean': np.float64(0.24462), 'std': np.float64(0.5614848902686519), 'risk_classification': {'normal': 5, 'riesgo': 0, 'pct_normal': 100.0, 'pct_riesgo': 0.0}}, 'Taquipnea transitoria del recién nacido': {'n': 50, 'mean': np.float64(0.014972000000000008), 'std': np.float64(0.5822789110215209), 'risk_classification': {'normal': 48, 'riesgo': 2, 'pct_normal': 96.0, 'pct_riesgo': 4.0}}}","{'normality': True, 'homogeneity': False, 'note': 'OK'}",Grupo más afectado: Anomalías congénitas,207
razon_hospitalizado_neonatal,zscore_desarrollo_socio_individual,ANOVA,0.32842284465986804,0.9214629242876466,False,"{'Anomalías congénitas': {'n': 3, 'mean': np.float64(-0.021933333333333336), 'std': np.float64(0.792773551106073), 'risk_classification': {'normal': 3, 'riesgo': 0, 'pct_normal': 100.0, 'pct_riesgo': 0.0}}, 'Ictericia neonatal': {'n': 70, 'mean': np.float64(-0.1369142857142857), 'std': np.float64(0.8691750312022455), 'risk_classification': {'normal': 62, 'riesgo': 8, 'pct_normal': 88.57142857142857, 'pct_riesgo': 11.428571428571429}}, 'Neumonía': {'n': 9, 'mean': np.float64(-0.2456666666666667), 'std': np.float64(0.7934196430641228), 'risk_classification': {'normal': 7, 'riesgo': 2, 'pct_normal': 77.77777777777779, 'pct_riesgo': 22.22222222222222}}, 'Prematuridad': {'n': 61, 'mean': np.float64(-0.07388524590163931), 'std': np.float64(0.7444422251672871), 'risk_classification': {'normal': 55, 'riesgo': 6, 'pct_normal': 90.1639344262295, 'pct_riesgo': 9.836065573770492}}, 'Sepsis': {'n': 3, 'mean': np.float64(0.3831), 'std': np.float64(0.40108399369708087), 'risk_classification': {'normal': 3, 'riesgo': 0, 'pct_normal': 100.0, 'pct_riesgo': 0.0}}, 'Síndrome de aspiración meconial': {'n': 5, 'mean': np.float64(-0.12200000000000003), 'std': np.float64(0.8552835348584702), 'risk_classification': {'normal': 4, 'riesgo': 1, 'pct_normal': 80.0, 'pct_riesgo': 20.0}}, 'Taquipnea transitoria del recién nacido': {'n': 50, 'mean': np.float64(-0.039724), 'std': np.float64(0.6949247454661724), 'risk_classification': {'normal': 46, 'riesgo': 4, 'pct_normal': 92.0, 'pct_riesgo': 8.0}}}","{'normality': False, 'homogeneity': True, 'note': 'OK'}",,207
hospitalizado_infancia,zscore_desarrollo_comunicacion,Welch's ANOVA,0.022463585640542443,0.8809601485206827,False,"{'No': {'n': 1488, 'mean': np.float64(0.11209576612903226), 'std': np.float64(0.6825724515065785), 'risk_classification': {'normal': 1407, 'riesgo': 81, 'pct_normal': 94.55645161290323, 'pct_riesgo': 5.443548387096774}}, 'Sí': {'n': 237, 'mean': np.float64(0.10439704641350214), 'std': np.float64(0.7423739227774996), 'risk_classification': {'normal': 221, 'riesgo': 16, 'pct_normal': 93.24894514767934, 'pct_riesgo': 6.751054852320674}}}","{'normality': False, 'homogeneity': False, 'note': 'OK'}",,1725
hospitalizado_infancia,zscore_desarrollo_motricidad_gruesa,ANOVA,0.03912686621149985,0.8432208718188753,False,"{'No': {'n': 1488, 'mean': np.float64(-0.26750033602150536), 'std': np.float64(0.8259272108521306), 'risk_classification': {'normal': 1249, 'riesgo': 239, 'pct_normal': 83.93817204301075, 'pct_riesgo': 16.061827956989248}}, 'Sí': {'n': 237, 'mean': np.float64(-0.2790194092827004), 'std': np.float64(0.8738018913344429), 'risk_classification': {'normal': 188, 'riesgo': 49, 'pct_normal': 79.32489451476793, 'pct_riesgo': 20.675105485232066}}}","{'normality': False, 'homogeneity': True, 'note': 'OK'}",,1725
hospitalizado_infancia,zscore_desarrollo_motricidad_fina,ANOVA,0.08620255961020216,0.7690968540287524,False,"{'No': {'n': 1488, 'mean': np.float64(-0.07933662634408603), 'std': np.float64(0.7244001415887046), 'risk_classification': {'normal': 1355, 'riesgo': 133, 'pct_normal': 91.06182795698925, 'pct_riesgo': 8.938172043010754}}, 'Sí': {'n': 237, 'mean': np.float64(-0.06436329113924051), 'std': np.float64(0.7586613941523966), 'risk_classification': {'normal': 222, 'riesgo': 15, 'pct_normal': 93.67088607594937, 'pct_riesgo': 6.329113924050633}}}","{'normality': False, 'homogeneity': True, 'note': 'OK'}",,1725
hospitalizado_infancia,zscore_desarrollo_resolucion_problemas,ANOVA,0.05678493547482702,0.8116799376129017,False,"{'No': {'n': 1488, 'mean': np.float64(-0.06942788978494624), 'std': np.float64(0.6772090876838133), 'risk_classification': {'normal': 1381, 'riesgo': 107, 'pct_normal': 92.80913978494624, 'pct_riesgo': 7.190860215053764}}, 'Sí': {'n': 237, 'mean': np.float64(-0.05806329113924051), 'std': np.float64(0.7107222410046093), 'risk_classification': {'normal': 216, 'riesgo': 21, 'pct_normal': 91.13924050632912, 'pct_riesgo': 8.860759493670885}}}","{'normality': False, 'homogeneity': True, 'note': 'OK'}",,1725
hospitalizado_infancia,zscore_desarrollo_socio_individual,ANOVA,1.5389998582467046,0.2149356317464547,False,"{'No': {'n': 1488, 'mean': np.float64(0.04209139784946236), 'std': np.float64(0.7144681527526913), 'risk_classification': {'normal': 1385, 'riesgo': 103, 'pct_normal': 93.07795698924731, 'pct_riesgo': 6.922043010752688}}, 'Sí': {'n': 237, 'mean': np.float64(-0.020315611814345998), 'std': np.float64(0.7488552584463143), 'risk_classification': {'normal': 215, 'riesgo': 22, 'pct_normal': 90.71729957805907, 'pct_riesgo': 9.282700421940929}}}","{'normality': False, 'homogeneity': True, 'note': 'OK'}",,1725
razon_hospitalizado_infancia,zscore_desarrollo_comunicacion,ANOVA,0.27661971915439587,0.8422364771032569,False,"{'Bronquiolitis': {'n': 48, 'mean': np.float64(0.12818541666666666), 'std': np.float64(0.6084800694264229), 'risk_classification': {'normal': 47, 'riesgo': 1, 'pct_normal': 97.91666666666666, 'pct_riesgo': 2.083333333333333}}, 'Fiebre de origen desconocido': {'n': 4, 'mean': np.float64(0.37782499999999997), 'std': np.float64(0.52839707528209), 'risk_classification': {'normal': 4, 'riesgo': 0, 'pct_normal': 100.0, 'pct_riesgo': 0.0}}, 'Neumonía': {'n': 119, 'mean': np.float64(0.07717731092436972), 'std': np.float64(0.7913778037130286), 'risk_classification': {'normal': 108, 'riesgo': 11, 'pct_normal': 90.75630252100841, 'pct_riesgo': 9.243697478991598}}, 'Síndrome diarreico agudo': {'n': 53, 'mean': np.float64(0.12878490566037734), 'std': np.float64(0.7067376369347306), 'risk_classification': {'normal': 51, 'riesgo': 2, 'pct_normal': 96.22641509433963, 'pct_riesgo': 3.7735849056603774}}}","{'normality': False, 'homogeneity': True, 'note': 'OK'}",,237
razon_hospitalizado_infancia,zscore_desarrollo_motricidad_gruesa,ANOVA,0.21788293301868583,0.8839292747381331,False,"{'Bronquiolitis': {'n': 48, 'mean': np.float64(-0.24434166666666665), 'std': np.float64(0.6839384835573884), 'risk_classification': {'normal': 41, 'riesgo': 7, 'pct_normal': 85.41666666666666, 'pct_riesgo': 14.583333333333334}}, 'Fiebre de origen desconocido': {'n': 4, 'mean': np.float64(-0.564675), 'std': np.float64(1.2019550750756036), 'risk_classification': {'normal': 3, 'riesgo': 1, 'pct_normal': 75.0, 'pct_riesgo': 25.0}}, 'Neumonía': {'n': 119, 'mean': np.float64(-0.30359327731092434), 'std': np.float64(0.8596022867060992), 'risk_classification': {'normal': 92, 'riesgo': 27, 'pct_normal': 77.31092436974791, 'pct_riesgo': 22.689075630252102}}, 'Síndrome diarreico agudo': {'n': 53, 'mean': np.float64(-0.2687132075471698), 'std': np.float64(0.8398333417634661), 'risk_classification': {'normal': 40, 'riesgo': 13, 'pct_normal': 75.47169811320755, 'pct_riesgo': 24.528301886792452}}}","{'normality': False, 'homogeneity': True, 'note': 'OK'}",,237
razon_hospitalizado_infancia,zscore_desarrollo_motricidad_fina,ANOVA,1.9108337276203353,0.12871117102622553,False,"{'Bronquiolitis': {'n': 48, 'mean': np.float64(0.05728333333333333), 'std': np.float64(0.6463509969093215), 'risk_classification': {'normal': 47, 'riesgo': 1, 'pct_normal': 97.91666666666666, 'pct_riesgo': 2.083333333333333}}, 'Fiebre de origen desconocido': {'n': 4, 'mean': np.float64(-0.652575), 'std': np.float64(1.3462992197749604), 'risk_classification': {'normal': 3, 'riesgo': 1, 'pct_normal': 75.0, 'pct_riesgo': 25.0}}, 'Neumonía': {'n': 119, 'mean': np.float64(-0.11728235294117645), 'std': np.float64(0.7320411762114157), 'risk_classification': {'normal': 109, 'riesgo': 10, 'pct_normal': 91.59663865546219, 'pct_riesgo': 8.403361344537815}}, 'Síndrome diarreico agudo': {'n': 53, 'mean': np.float64(0.016477358490566044), 'std': np.float64(0.5846817305303503), 'risk_classification': {'normal': 51, 'riesgo': 2, 'pct_normal': 96.22641509433963, 'pct_riesgo': 3.7735849056603774}}}","{'normality': False, 'homogeneity': True, 'note': 'OK'}",,237
razon_hospitalizado_infancia,zscore_desarrollo_resolucion_problemas,Welch's ANOVA,0.47079101934555107,0.7074339746094533,False,"{'Bronquiolitis': {'n': 48, 'mean': np.float64(-0.03377708333333335), 'std': np.float64(0.5477945255564444), 'risk_classification': {'normal': 47, 'riesgo': 1, 'pct_normal': 97.91666666666666, 'pct_riesgo': 2.083333333333333}}, 'Fiebre de origen desconocido': {'n': 4, 'mean': np.float64(-0.92755), 'std': np.float64(1.7661418638754172), 'risk_classification': {'normal': 3, 'riesgo': 1, 'pct_normal': 75.0, 'pct_riesgo': 25.0}}, 'Neumonía': {'n': 119, 'mean': np.float64(-0.0021336134453781514), 'std': np.float64(0.6277290633674327), 'risk_classification': {'normal': 106, 'riesgo': 13, 'pct_normal': 89.07563025210085, 'pct_riesgo': 10.92436974789916}}, 'Síndrome diarreico agudo': {'n': 53, 'mean': np.float64(-0.07301698113207548), 'std': np.float64(0.5950785464431271), 'risk_classification': {'normal': 49, 'riesgo': 4, 'pct_normal': 92.45283018867924, 'pct_riesgo': 7.547169811320755}}}","{'normality': False, 'homogeneity': False, 'note': 'OK'}",,237
razon_hospitalizado_infancia,zscore_desarrollo_socio_individual,ANOVA,0.5189058548906318,0.6696923212054533,False,"{'Bronquiolitis': {'n': 48, 'mean': np.float64(0.01252291666666668), 'std': np.float64(0.7602536615427672), 'risk_classification': {'normal': 42, 'riesgo': 6, 'pct_normal': 87.5, 'pct_riesgo': 12.5}}, 'Fiebre de origen desconocido': {'n': 4, 'mean': np.float64(-0.27992500000000003), 'std': np.float64(0.33338220683373815), 'risk_classification': {'normal': 4, 'riesgo': 0, 'pct_normal': 100.0, 'pct_riesgo': 0.0}}, 'Neumonía': {'n': 119, 'mean': np.float64(-0.024929411764705894), 'std': np.float64(0.753955567898338), 'risk_classification': {'normal': 109, 'riesgo': 10, 'pct_normal': 91.59663865546219, 'pct_riesgo': 8.403361344537815}}, 'Síndrome diarreico agudo': {'n': 53, 'mean': np.float64(0.09342075471698112), 'std': np.float64(0.6968100492625415), 'risk_classification': {'normal': 49, 'riesgo': 4, 'pct_normal': 92.45283018867924, 'pct_riesgo': 7.547169811320755}}}","{'normality': False, 'homogeneity': True, 'note': 'OK'}",,237
vacunacion_completa,zscore_desarrollo_comunicacion,ANOVA,0.33432941826767215,0.5631963843226443,False,"{'No': {'n': 88, 'mean': np.float64(0.06954659090909089), 'std': np.float64(0.7757222759554684), 'risk_classification': {'normal': 81, 'riesgo': 7, 'pct_normal': 92.04545454545455, 'pct_riesgo': 7.954545454545454}}, 'Sí': {'n': 1637, 'mean': np.float64(0.11326847892486255), 'std': np.float64(0.6862096526247994), 'risk_classification': {'normal': 1547, 'riesgo': 90, 'pct_normal': 94.50213805742212, 'pct_riesgo': 5.497861942577886}}}","{'normality': False, 'homogeneity': True, 'note': 'OK'}",,1725
vacunacion_completa,zscore_desarrollo_motricidad_gruesa,ANOVA,1.776890899834172,0.18270779682009752,False,"{'No': {'n': 88, 'mean': np.float64(-0.38428522727272724), 'std': np.float64(1.0310379173534976), 'risk_classification': {'normal': 72, 'riesgo': 16, 'pct_normal': 81.81818181818183, 'pct_riesgo': 18.181818181818183}}, 'Sí': {'n': 1637, 'mean': np.float64(-0.2628900427611484), 'std': np.float64(0.8203071569930349), 'risk_classification': {'normal': 1365, 'riesgo': 272, 'pct_normal': 83.38423946243128, 'pct_riesgo': 16.615760537568725}}}","{'normality': False, 'homogeneity': True, 'note': 'OK'}",,1725
vacunacion_completa,zscore_desarrollo_motricidad_fina,Welch's ANOVA,5.156103263310301,0.025504462964759216,True,"{'No': {'n': 88, 'mean': np.float64(-0.3104340909090909), 'std': np.float64(1.0015732002086397), 'risk_classification': {'normal': 75, 'riesgo': 13, 'pct_normal': 85.22727272727273, 'pct_riesgo': 14.772727272727273}}, 'Sí': {'n': 1637, 'mean': np.float64(-0.06474575442883324), 'std': np.float64(0.7096420758701885), 'risk_classification': {'normal': 1502, 'riesgo': 135, 'pct_normal': 91.75320708613317, 'pct_riesgo': 8.24679291386683}}}","{'normality': False, 'homogeneity': False, 'note': 'OK'}",Grupo más afectado: No,1725
vacunacion_completa,zscore_desarrollo_resolucion_problemas,ANOVA,4.49872773285996,0.034062549924153966,True,"{'No': {'n': 88, 'mean': np.float64(-0.21786704545454547), 'std': np.float64(0.8759290272936148), 'risk_classification': {'normal': 77, 'riesgo': 11, 'pct_normal': 87.5, 'pct_riesgo': 12.5}}, 'Sí': {'n': 1637, 'mean': np.float64(-0.05980293219303604), 'std': np.float64(0.6690663680783824), 'risk_classification': {'normal': 1520, 'riesgo': 117, 'pct_normal': 92.85277947464876, 'pct_riesgo': 7.147220525351253}}}","{'normality': False, 'homogeneity': True, 'note': 'OK'}",Grupo más afectado: No,1725
vacunacion_completa,zscore_desarrollo_socio_individual,ANOVA,0.8890108084979162,0.3458776933675727,False,"{'No': {'n': 88, 'mean': np.float64(-0.036922727272727295), 'std': np.float64(0.8046432459609895), 'risk_classification': {'normal': 80, 'riesgo': 8, 'pct_normal': 90.9090909090909, 'pct_riesgo': 9.090909090909092}}, 'Sí': {'n': 1637, 'mean': np.float64(0.037303848503359806), 'std': np.float64(0.7145937809012781), 'risk_classification': {'normal': 1520, 'riesgo': 117, 'pct_normal': 92.85277947464876, 'pct_riesgo': 7.147220525351253}}}","{'normality': False, 'homogeneity': True, 'note': 'OK'}",,1725
